Friday,10,June,2016,19:17:51:28857-VCID:63CEAB7BF125012603-4B00,VCDS Version: Release 15.7.4,Data version: 20160216
038 906 019 KD,,1.9l R4 EDC 0000SG  4897,

,Group A:,'011,,,,Group B:, Not Running,,,,Group C:, Not Running
,,Engine speed,Spec. intake press.,Actual intake press.,D.cycle MAP,,,,,,,,,,
,TIME,2850-3150,2200-2400,2100-2600,35-80%,TIME,,,,,TIME,,,,
Marker,STAMP, /min,,, %,STAMP,,,,,STAMP,,,,
,0.02,840,1044.0,996.0,19.9,,,,,,,,,,
,0.36,819,1056.0,996.0,19.9,,,,,,,,,,
,0.71,840,1044.0,996.0,19.9,,,,,,,,,,
,1.06,819,1056.0,996.0,19.9,,,,,,,,,,
,1.40,819,1056.0,996.0,19.9,,,,,,,,,,
,1.74,819,1056.0,996.0,19.9,,,,,,,,,,
,2.09,840,1044.0,996.0,19.9,,,,,,,,,,
,2.44,819,1056.0,996.0,19.9,,,,,,,,,,
,2.79,840,1044.0,996.0,19.9,,,,,,,,,,
,3.15,840,1044.0,996.0,19.9,,,,,,,,,,
,3.47,819,1056.0,996.0,19.9,,,,,,,,,,
,3.81,819,1056.0,996.0,19.9,,,,,,,,,,
,4.14,819,1056.0,996.0,19.9,,,,,,,,,,
,4.47,819,1056.0,996.0,19.9,,,,,,,,,,
,4.80,819,1056.0,996.0,19.9,,,,,,,,,,
,5.12,819,1056.0,996.0,19.9,,,,,,,,,,
,5.44,819,1056.0,996.0,19.9,,,,,,,,,,
,5.77,819,1056.0,996.0,19.9,,,,,,,,,,
,6.07,840,1044.0,996.0,19.9,,,,,,,,,,
,6.39,840,1044.0,996.0,19.9,,,,,,,,,,
,6.70,840,1044.0,996.0,19.9,,,,,,,,,,
,7.01,819,1056.0,996.0,19.9,,,,,,,,,,
,7.32,819,1056.0,996.0,19.9,,,,,,,,,,
,7.64,840,1044.0,996.0,19.9,,,,,,,,,,
,7.94,819,1056.0,996.0,19.9,,,,,,,,,,
,8.26,840,1056.0,996.0,19.9,,,,,,,,,,
,8.57,819,1056.0,996.0,19.9,,,,,,,,,,
,8.88,819,1056.0,996.0,19.9,,,,,,,,,,
,9.19,840,1056.0,996.0,19.9,,,,,,,,,,
,9.51,819,1056.0,996.0,19.9,,,,,,,,,,
,9.82,1092,1092.0,984.0,19.9,,,,,,,,,,
,10.13,1071,1152.0,1008.0,19.9,,,,,,,,,,
,10.44,1092,1164.0,1008.0,19.9,,,,,,,,,,
,10.75,1113,1188.0,1032.0,19.9,,,,,,,,,,
,11.06,1092,1200.0,1068.0,19.9,,,,,,,,,,
,11.38,1071,1224.0,1092.0,19.9,,,,,,,,,,
,11.69,1176,1224.0,1128.0,19.9,,,,,,,,,,
,12.00,1470,1332.0,1164.0,25.9,,,,,,,,,,
,12.31,1701,1500.0,1248.0,29.5,,,,,,,,,,
,12.63,1974,1512.0,1452.0,40.2,,,,,,,,,,
,12.94,2100,1080.0,1668.0,61.0,,,,,,,,,,
,13.25,1806,996.0,1440.0,37.1,,,,,,,,,,
,13.56,1407,1044.0,1248.0,31.9,,,,,,,,,,
,13.87,1281,1248.0,1188.0,21.1,,,,,,,,,,
,14.19,1344,1368.0,1248.0,27.9,,,,,,,,,,
,14.50,1449,1404.0,1332.0,36.7,,,,,,,,,,
,14.81,1554,1392.0,1416.0,41.8,,,,,,,,,,
,15.12,1659,1416.0,1536.0,46.2,,,,,,,,,,
,15.44,1722,1272.0,1560.0,68.9,,,,,,,,,,
,15.75,1701,996.0,1416.0,34.3,,,,,,,,,,
,16.06,1701,996.0,1236.0,35.1,,,,,,,,,,
,16.37,1659,996.0,1140.0,34.7,,,,,,,,,,
,16.68,1617,996.0,1092.0,34.3,,,,,,,,,,
,17.00,1575,1032.0,1056.0,33.5,,,,,,,,,,
,17.31,1680,1332.0,1032.0,22.7,,,,,,,,,,
,17.62,1659,1392.0,1092.0,25.1,,,,,,,,,,
,17.93,1680,1260.0,1260.0,43.4,,,,,,,,,,
,18.24,1722,1116.0,1332.0,34.7,,,,,,,,,,
,18.56,1701,1080.0,1224.0,34.7,,,,,,,,,,
,18.87,1701,1092.0,1140.0,34.7,,,,,,,,,,
,19.18,1680,1080.0,1092.0,34.7,,,,,,,,,,
,19.49,1659,996.0,1056.0,34.3,,,,,,,,,,
,19.80,1638,996.0,1032.0,33.9,,,,,,,,,,
,20.12,1554,996.0,1020.0,33.1,,,,,,,,,,
,20.43,1365,996.0,1020.0,29.5,,,,,,,,,,
,20.76,1008,996.0,1020.0,19.9,,,,,,,,,,
,21.10,840,1056.0,1008.0,19.9,,,,,,,,,,
,21.46,840,1056.0,1008.0,19.9,,,,,,,,,,
,21.81,840,1056.0,996.0,19.9,,,,,,,,,,
,22.16,840,1056.0,996.0,19.9,,,,,,,,,,
,22.51,819,1056.0,996.0,19.9,,,,,,,,,,
,22.85,840,1044.0,996.0,19.9,,,,,,,,,,
,23.20,840,1044.0,996.0,19.9,,,,,,,,,,
,23.55,840,1056.0,996.0,19.9,,,,,,,,,,
,23.91,819,1056.0,996.0,19.9,,,,,,,,,,
,24.27,840,1056.0,996.0,19.9,,,,,,,,,,
,24.63,840,1056.0,996.0,19.9,,,,,,,,,,
,24.97,840,1044.0,996.0,19.9,,,,,,,,,,
,25.33,840,1044.0,996.0,19.9,,,,,,,,,,
,25.69,819,1056.0,996.0,19.9,,,,,,,,,,
,26.03,840,1056.0,996.0,19.9,,,,,,,,,,
,26.38,819,1056.0,996.0,19.9,,,,,,,,,,
,26.73,819,1056.0,996.0,19.9,,,,,,,,,,
,27.08,840,1056.0,996.0,19.9,,,,,,,,,,
,27.44,819,1056.0,996.0,19.9,,,,,,,,,,
,27.80,819,1056.0,996.0,19.9,,,,,,,,,,
,28.16,840,1044.0,996.0,19.9,,,,,,,,,,
,28.51,840,1044.0,996.0,19.9,,,,,,,,,,
,28.87,819,1056.0,996.0,19.9,,,,,,,,,,
,29.25,819,1056.0,996.0,19.9,,,,,,,,,,
,29.61,840,1044.0,996.0,19.9,,,,,,,,,,
,30.04,840,1044.0,996.0,19.9,,,,,,,,,,
,30.38,819,1056.0,996.0,19.9,,,,,,,,,,
,30.75,819,1056.0,996.0,19.9,,,,,,,,,,
,31.11,798,1056.0,996.0,19.9,,,,,,,,,,
,31.46,819,1056.0,996.0,19.9,,,,,,,,,,
,31.82,840,1044.0,996.0,19.9,,,,,,,,,,
,32.16,840,1044.0,996.0,19.9,,,,,,,,,,
,32.54,819,1056.0,996.0,19.9,,,,,,,,,,
,32.89,819,1056.0,996.0,19.9,,,,,,,,,,
,33.23,840,1044.0,996.0,19.9,,,,,,,,,,
,33.58,819,1056.0,996.0,19.9,,,,,,,,,,
,33.92,840,1056.0,996.0,19.9,,,,,,,,,,
,34.25,840,1056.0,996.0,19.9,,,,,,,,,,
,34.58,840,1044.0,996.0,19.9,,,,,,,,,,
,34.92,840,1044.0,996.0,19.9,,,,,,,,,,
,35.24,840,1044.0,996.0,19.9,,,,,,,,,,
,35.58,819,1056.0,996.0,19.9,,,,,,,,,,
,35.90,819,1056.0,996.0,19.9,,,,,,,,,,
,36.22,819,1056.0,996.0,19.9,,,,,,,,,,
,36.53,840,1044.0,996.0,19.9,,,,,,,,,,
,36.84,840,1044.0,996.0,19.9,,,,,,,,,,
,37.15,819,1056.0,996.0,19.9,,,,,,,,,,
,37.46,819,1056.0,996.0,19.9,,,,,,,,,,
,37.77,819,1056.0,996.0,19.9,,,,,,,,,,
,38.11,819,1056.0,996.0,19.9,,,,,,,,,,
,38.43,819,1056.0,996.0,19.9,,,,,,,,,,
,38.77,840,1044.0,996.0,19.9,,,,,,,,,,
,39.14,840,1044.0,996.0,19.9,,,,,,,,,,
,39.52,819,1056.0,996.0,19.9,,,,,,,,,,
,39.90,840,1044.0,996.0,19.9,,,,,,,,,,
,40.29,819,1056.0,996.0,19.9,,,,,,,,,,
,40.68,819,1056.0,996.0,19.9,,,,,,,,,,
,41.06,819,1056.0,996.0,19.9,,,,,,,,,,
,41.38,819,1056.0,996.0,19.9,,,,,,,,,,
,41.74,840,1044.0,996.0,19.9,,,,,,,,,,
,42.10,840,1044.0,996.0,19.9,,,,,,,,,,
,42.47,819,1056.0,996.0,19.9,,,,,,,,,,
,42.81,819,1056.0,996.0,19.9,,,,,,,,,,
,43.13,840,1044.0,996.0,19.9,,,,,,,,,,
,43.50,819,1056.0,996.0,19.9,,,,,,,,,,
,43.82,819,1056.0,996.0,19.9,,,,,,,,,,
,44.14,840,1044.0,996.0,19.9,,,,,,,,,,
,44.46,840,1056.0,996.0,19.9,,,,,,,,,,
,44.78,819,1056.0,996.0,19.9,,,,,,,,,,
,45.09,840,1056.0,996.0,19.9,,,,,,,,,,
,45.40,819,1056.0,996.0,19.9,,,,,,,,,,
,45.71,840,1056.0,996.0,19.9,,,,,,,,,,
,46.02,819,1056.0,996.0,19.9,,,,,,,,,,
,46.34,798,1056.0,996.0,19.9,,,,,,,,,,
,46.65,840,1056.0,996.0,19.9,,,,,,,,,,
,46.96,819,1056.0,996.0,19.9,,,,,,,,,,
,47.27,819,1056.0,996.0,19.9,,,,,,,,,,
,47.58,840,1044.0,996.0,19.9,,,,,,,,,,
,47.89,819,1056.0,996.0,19.9,,,,,,,,,,
,48.21,819,1056.0,996.0,19.9,,,,,,,,,,
,48.52,840,1044.0,996.0,19.9,,,,,,,,,,
,48.83,840,1044.0,996.0,19.9,,,,,,,,,,
,49.17,819,1056.0,996.0,19.9,,,,,,,,,,
,49.51,840,1044.0,996.0,19.9,,,,,,,,,,
,49.86,840,1044.0,996.0,19.9,,,,,,,,,,
,50.23,819,1056.0,996.0,19.9,,,,,,,,,,
,50.58,840,1044.0,996.0,19.9,,,,,,,,,,
,50.94,819,1056.0,996.0,19.9,,,,,,,,,,
,51.28,819,1056.0,996.0,19.9,,,,,,,,,,
,51.66,819,1044.0,996.0,19.9,,,,,,,,,,
,52.02,819,1056.0,996.0,19.9,,,,,,,,,,
,52.38,819,1056.0,996.0,19.9,,,,,,,,,,
,52.74,819,1056.0,996.0,19.9,,,,,,,,,,
,53.12,819,1056.0,996.0,19.9,,,,,,,,,,
,53.48,840,1044.0,996.0,19.9,,,,,,,,,,
,53.84,819,1056.0,996.0,19.9,,,,,,,,,,
,54.23,819,1056.0,996.0,19.9,,,,,,,,,,
,54.60,840,1044.0,996.0,19.9,,,,,,,,,,
,54.98,819,1056.0,996.0,19.9,,,,,,,,,,
,55.34,819,1056.0,996.0,19.9,,,,,,,,,,
,55.72,819,1056.0,996.0,19.9,,,,,,,,,,
,56.11,840,1044.0,996.0,19.9,,,,,,,,,,
,56.48,819,1056.0,996.0,19.9,,,,,,,,,,
,56.85,840,1044.0,996.0,19.9,,,,,,,,,,
,57.20,840,1044.0,996.0,19.9,,,,,,,,,,
,57.57,819,1044.0,996.0,19.9,,,,,,,,,,
,57.94,840,1044.0,996.0,19.9,,,,,,,,,,
,58.30,819,1056.0,996.0,19.9,,,,,,,,,,
,58.66,819,1056.0,996.0,19.9,,,,,,,,,,
,59.05,819,1044.0,996.0,19.9,,,,,,,,,,
,59.44,819,1056.0,996.0,19.9,,,,,,,,,,
,59.81,819,1056.0,996.0,19.9,,,,,,,,,,
,60.19,819,1056.0,996.0,19.9,,,,,,,,,,
,60.56,819,1056.0,996.0,19.9,,,,,,,,,,
,60.93,819,1056.0,996.0,19.9,,,,,,,,,,
,61.32,819,1056.0,996.0,19.9,,,,,,,,,,
,61.70,819,1056.0,996.0,19.9,,,,,,,,,,
,62.08,840,1044.0,996.0,19.9,,,,,,,,,,
,62.46,819,1056.0,996.0,19.9,,,,,,,,,,
,62.85,840,1044.0,996.0,19.9,,,,,,,,,,
,63.23,840,1044.0,996.0,19.9,,,,,,,,,,
,63.61,1113,1104.0,984.0,19.9,,,,,,,,,,
,64.00,1260,1080.0,1008.0,23.9,,,,,,,,,,
,64.37,1239,1092.0,1008.0,23.5,,,,,,,,,,
,64.73,1239,1092.0,1008.0,23.1,,,,,,,,,,
,65.12,1134,1008.0,1008.0,21.5,,,,,,,,,,
,65.54,1197,1116.0,1020.0,19.9,,,,,,,,,,
,65.88,1218,1140.0,1056.0,23.5,,,,,,,,,,
,66.26,1218,1188.0,1092.0,19.9,,,,,,,,,,
,66.60,1260,1224.0,1152.0,19.9,,,,,,,,,,
,66.96,1218,1224.0,1200.0,23.5,,,,,,,,,,
,67.33,1344,1272.0,1236.0,21.1,,,,,,,,,,
,67.70,1638,1428.0,1296.0,33.1,,,,,,,,,,
,68.06,1953,1536.0,1500.0,41.4,,,,,,,,,,
,68.40,2205,1488.0,1764.0,59.0,,,,,,,,,,
,68.77,2478,1512.0,1752.0,58.2,,,,,,,,,,
,69.10,2709,1320.0,1644.0,63.0,,,,,,,,,,
,69.45,2457,1008.0,1380.0,43.4,,,,,,,,,,
,69.80,1932,996.0,1236.0,39.4,,,,,,,,,,
,70.16,1512,996.0,1176.0,33.1,,,,,,,,,,
,70.51,1134,996.0,1116.0,23.1,,,,,,,,,,
,70.88,819,1068.0,1068.0,19.9,,,,,,,,,,
,71.24,861,1044.0,1044.0,19.9,,,,,,,,,,
,71.61,840,1056.0,1020.0,19.9,,,,,,,,,,
,71.96,1365,1200.0,996.0,19.9,,,,,,,,,,
,72.31,1239,1224.0,1044.0,20.7,,,,,,,,,,
,72.67,1344,1260.0,1116.0,21.1,,,,,,,,,,
,73.02,1407,1344.0,1188.0,29.1,,,,,,,,,,
,73.39,1533,1512.0,1320.0,29.5,,,,,,,,,,
,73.78,1659,1548.0,1512.0,40.2,,,,,,,,,,
,74.16,1806,1548.0,1692.0,50.2,,,,,,,,,,
,74.54,1932,1560.0,1788.0,53.8,,,,,,,,,,
,74.90,2037,1560.0,1752.0,53.4,,,,,,,,,,
,75.26,2142,1560.0,1716.0,53.0,,,,,,,,,,
,75.61,2226,1536.0,1704.0,55.8,,,,,,,,,,
,75.98,1974,996.0,1488.0,39.0,,,,,,,,,,
,76.35,1554,996.0,1272.0,34.7,,,,,,,,,,
,76.70,1155,1044.0,1152.0,22.7,,,,,,,,,,
,77.06,1491,1128.0,1104.0,29.9,,,,,,,,,,
,77.41,1428,1128.0,1152.0,29.9,,,,,,,,,,
,77.75,1428,1128.0,1188.0,29.9,,,,,,,,,,
,78.11,1449,1236.0,1188.0,31.1,,,,,,,,,,
,78.48,1470,1272.0,1260.0,34.7,,,,,,,,,,
,78.84,1491,1392.0,1356.0,39.0,,,,,,,,,,
,79.19,1533,1392.0,1464.0,43.0,,,,,,,,,,
,79.55,1575,1404.0,1548.0,48.6,,,,,,,,,,
,79.89,1638,1416.0,1536.0,45.8,,,,,,,,,,
,80.27,1659,1428.0,1512.0,44.2,,,,,,,,,,
,80.62,1722,1440.0,1500.0,43.8,,,,,,,,,,
,81.01,1764,1476.0,1512.0,43.0,,,,,,,,,,
,81.38,1806,1500.0,1560.0,45.8,,,,,,,,,,
,81.78,1848,1488.0,1608.0,48.6,,,,,,,,,,
,82.14,1890,1644.0,1584.0,40.2,,,,,,,,,,
,82.50,1953,1668.0,1740.0,50.6,,,,,,,,,,
,82.89,1995,1704.0,1932.0,60.2,,,,,,,,,,
,83.27,2058,1548.0,1920.0,69.3,,,,,,,,,,
,83.64,2121,1500.0,1704.0,56.6,,,,,,,,,,
,83.99,2142,1476.0,1536.0,51.4,,,,,,,,,,
,84.36,2184,1488.0,1440.0,47.8,,,,,,,,,,
,84.73,2205,1476.0,1380.0,45.4,,,,,,,,,,
,85.10,2163,1032.0,1320.0,40.6,,,,,,,,,,
,85.48,1869,996.0,1188.0,37.5,,,,,,,,,,
,85.85,1428,996.0,1116.0,30.3,,,,,,,,,,
,86.26,1722,1476.0,1080.0,24.7,,,,,,,,,,
,86.65,1680,1692.0,1368.0,23.5,,,,,,,,,,
,87.02,1722,1728.0,1680.0,41.4,,,,,,,,,,
,87.40,1764,1716.0,1896.0,51.4,,,,,,,,,,
,87.77,1806,1668.0,2028.0,63.8,,,,,,,,,,
,88.14,1827,1512.0,1872.0,57.8,,,,,,,,,,
,88.50,1848,1488.0,1632.0,47.8,,,,,,,,,,
,88.86,1869,1500.0,1488.0,43.4,,,,,,,,,,
,89.24,1890,1512.0,1416.0,39.8,,,,,,,,,,
,89.63,1932,1524.0,1368.0,35.9,,,,,,,,,,
,89.98,1953,1524.0,1416.0,40.2,,,,,,,,,,
,90.37,1953,1512.0,1512.0,44.6,,,,,,,,,,
,90.76,1974,1512.0,1560.0,46.2,,,,,,,,,,
,91.12,2016,1524.0,1572.0,47.4,,,,,,,,,,
,91.49,2037,1524.0,1584.0,48.2,,,,,,,,,,
,91.87,2058,1500.0,1584.0,50.2,,,,,,,,,,
,92.23,2079,1500.0,1572.0,50.6,,,,,,,,,,
,92.59,1974,996.0,1488.0,38.3,,,,,,,,,,
,92.98,1554,996.0,1272.0,33.5,,,,,,,,,,
,93.34,1197,1128.0,1140.0,21.5,,,,,,,,,,
,93.73,1596,1236.0,1176.0,31.5,,,,,,,,,,
,94.13,1596,1224.0,1344.0,42.6,,,,,,,,,,
,94.53,1596,1176.0,1272.0,33.5,,,,,,,,,,
,94.88,1596,1128.0,1176.0,33.5,,,,,,,,,,
,95.23,1596,1128.0,1116.0,33.1,,,,,,,,,,
,95.62,1575,1176.0,1080.0,33.5,,,,,,,,,,
,95.97,1575,1188.0,1056.0,33.9,,,,,,,,,,
,96.32,1575,1188.0,1080.0,33.5,,,,,,,,,,
,96.70,1575,1176.0,1092.0,33.5,,,,,,,,,,
,97.07,1575,1176.0,1104.0,33.5,,,,,,,,,,
,97.41,1575,1176.0,1104.0,33.5,,,,,,,,,,
,97.77,1575,1176.0,1104.0,33.5,,,,,,,,,,
,98.13,1575,1236.0,1080.0,23.1,,,,,,,,,,
,98.48,1575,1248.0,1188.0,31.5,,,,,,,,,,
,98.86,1575,1272.0,1272.0,35.1,,,,,,,,,,
,99.21,1575,1368.0,1356.0,37.1,,,,,,,,,,
,99.57,1575,1392.0,1488.0,44.6,,,,,,,,,,
,99.94,1596,1488.0,1608.0,44.2,,,,,,,,,,
,100.26,1617,1560.0,1716.0,48.6,,,,,,,,,,
,100.61,1617,1560.0,1800.0,53.0,,,,,,,,,,
,100.97,1638,1524.0,1872.0,58.6,,,,,,,,,,
,101.31,1617,1224.0,1740.0,65.7,,,,,,,,,,
,101.69,1638,996.0,1464.0,33.9,,,,,,,,,,
,102.07,1617,996.0,1236.0,33.9,,,,,,,,,,
,102.43,1596,996.0,1128.0,33.5,,,,,,,,,,
,102.78,1596,996.0,1080.0,33.1,,,,,,,,,,
,103.16,1575,996.0,1056.0,33.1,,,,,,,,,,
,103.51,1554,996.0,1032.0,32.7,,,,,,,,,,
,103.87,1533,996.0,1020.0,32.7,,,,,,,,,,
,104.24,1533,996.0,1008.0,32.3,,,,,,,,,,
,104.57,1491,996.0,1008.0,32.3,,,,,,,,,,
,104.95,1491,996.0,1008.0,31.9,,,,,,,,,,
,105.28,1470,996.0,1008.0,31.5,,,,,,,,,,
,105.65,1449,996.0,996.0,30.7,,,,,,,,,,
,106.02,1449,996.0,996.0,30.3,,,,,,,,,,
,106.36,1428,996.0,996.0,29.5,,,,,,,,,,
,106.76,1407,996.0,996.0,29.9,,,,,,,,,,
,107.10,1386,996.0,996.0,29.1,,,,,,,,,,
,107.49,1365,996.0,996.0,28.3,,,,,,,,,,
,107.88,1344,996.0,996.0,27.1,,,,,,,,,,
,108.24,1323,996.0,1008.0,26.3,,,,,,,,,,
,108.63,1302,996.0,1008.0,25.9,,,,,,,,,,
,109.02,1260,996.0,996.0,24.7,,,,,,,,,,
,109.39,1218,996.0,996.0,23.1,,,,,,,,,,
,109.77,1197,996.0,996.0,21.9,,,,,,,,,,
,110.10,1155,996.0,1008.0,20.3,,,,,,,,,,
,110.49,1113,996.0,996.0,19.9,,,,,,,,,,
,110.86,819,1080.0,1008.0,19.9,,,,,,,,,,
,111.26,861,1056.0,996.0,19.9,,,,,,,,,,
,111.64,840,1056.0,996.0,19.9,,,,,,,,,,
,112.01,840,1056.0,996.0,19.9,,,,,,,,,,
,112.39,819,1056.0,996.0,19.9,,,,,,,,,,
,112.80,840,1056.0,996.0,19.9,,,,,,,,,,
,113.20,840,1044.0,996.0,19.9,,,,,,,,,,
,113.59,840,1056.0,996.0,19.9,,,,,,,,,,
,113.99,819,1056.0,996.0,19.9,,,,,,,,,,
,114.36,819,1056.0,996.0,19.9,,,,,,,,,,
,114.75,840,1056.0,996.0,19.9,,,,,,,,,,
,115.13,819,1056.0,996.0,19.9,,,,,,,,,,
,115.52,840,1056.0,996.0,19.9,,,,,,,,,,
,115.90,819,1056.0,996.0,19.9,,,,,,,,,,
,116.27,819,1056.0,996.0,19.9,,,,,,,,,,
,116.66,819,1056.0,996.0,19.9,,,,,,,,,,
,117.01,819,1056.0,996.0,19.9,,,,,,,,,,
,117.40,840,1056.0,996.0,19.9,,,,,,,,,,
,117.77,840,1056.0,996.0,19.9,,,,,,,,,,
,118.13,1113,1092.0,996.0,19.9,,,,,,,,,,
,118.51,1134,1188.0,1008.0,19.9,,,,,,,,,,
,118.87,1239,1212.0,1056.0,20.3,,,,,,,,,,
,119.27,1176,1224.0,1128.0,21.9,,,,,,,,,,
,119.66,1386,1260.0,1188.0,27.9,,,,,,,,,,
,120.04,1575,1320.0,1260.0,34.7,,,,,,,,,,
,120.44,1806,1488.0,1392.0,33.9,,,,,,,,,,
,120.82,2079,1500.0,1656.0,52.2,,,,,,,,,,
,121.20,2331,1488.0,1728.0,59.0,,,,,,,,,,
,121.59,2289,1008.0,1608.0,41.8,,,,,,,,,,
,121.96,1785,996.0,1344.0,36.3,,,,,,,,,,
,122.34,1344,1212.0,1212.0,31.5,,,,,,,,,,
,122.71,1365,1260.0,1248.0,30.7,,,,,,,,,,
,123.09,1470,1332.0,1284.0,33.5,,,,,,,,,,
,123.47,1575,1464.0,1368.0,35.1,,,,,,,,,,
,123.85,1680,1488.0,1512.0,43.0,,,,,,,,,,
,124.22,1806,1500.0,1656.0,48.6,,,,,,,,,,
,124.61,1932,1500.0,1704.0,51.4,,,,,,,,,,
,124.98,2037,1512.0,1668.0,51.4,,,,,,,,,,
,125.39,2163,1596.0,1740.0,56.2,,,,,,,,,,
,125.76,2268,1560.0,1932.0,66.5,,,,,,,,,,
,126.13,2247,1008.0,1680.0,41.8,,,,,,,,,,
,126.51,1848,996.0,1380.0,37.5,,,,,,,,,,
,126.88,1449,1116.0,1188.0,31.1,,,,,,,,,,
,127.29,1491,1116.0,1176.0,31.9,,,,,,,,,,
,127.66,1470,1116.0,1176.0,31.5,,,,,,,,,,
,128.07,1470,1116.0,1116.0,31.1,,,,,,,,,,
,128.43,1470,1116.0,1056.0,30.7,,,,,,,,,,
,128.78,1449,1116.0,1044.0,29.9,,,,,,,,,,
,129.12,1449,1128.0,1020.0,30.7,,,,,,,,,,
,129.48,1428,1140.0,1020.0,30.3,,,,,,,,,,
,129.83,1449,1152.0,1008.0,29.9,,,,,,,,,,
,130.17,1428,1152.0,1008.0,30.3,,,,,,,,,,
,130.50,1449,1164.0,1020.0,30.7,,,,,,,,,,
,130.85,1449,1176.0,1032.0,31.1,,,,,,,,,,
,131.19,1470,1212.0,1056.0,20.7,,,,,,,,,,
,131.59,1470,1212.0,1152.0,29.1,,,,,,,,,,
,131.95,1470,1212.0,1188.0,29.5,,,,,,,,,,
,132.32,1491,1200.0,1164.0,29.9,,,,,,,,,,
,132.67,1512,1308.0,1176.0,27.9,,,,,,,,,,
,133.03,1554,1428.0,1296.0,30.7,,,,,,,,,,
,133.40,1575,1464.0,1452.0,39.4,,,,,,,,,,
,133.75,1617,1452.0,1584.0,47.0,,,,,,,,,,
,134.09,1680,1464.0,1656.0,49.0,,,,,,,,,,
,134.48,1722,1452.0,1644.0,48.2,,,,,,,,,,
,134.84,1764,1440.0,1584.0,46.2,,,,,,,,,,
,135.20,1806,1452.0,1536.0,45.0,,,,,,,,,,
,135.56,1827,1440.0,1512.0,45.4,,,,,,,,,,
,135.93,1848,1308.0,1500.0,51.0,,,,,,,,,,
,136.28,1827,996.0,1344.0,36.7,,,,,,,,,,
,136.62,1827,996.0,1200.0,36.3,,,,,,,,,,
,136.96,1827,996.0,1116.0,36.3,,,,,,,,,,
,137.35,1806,1008.0,1080.0,35.9,,,,,,,,,,
,137.71,1764,1104.0,1056.0,35.9,,,,,,,,,,
,138.07,1743,1104.0,1032.0,35.5,,,,,,,,,,
,138.42,1743,1116.0,1020.0,35.1,,,,,,,,,,
,138.75,1743,1116.0,1020.0,35.1,,,,,,,,,,
,139.13,1722,1020.0,1008.0,34.7,,,,,,,,,,
,139.51,1701,996.0,1008.0,34.7,,,,,,,,,,
,139.89,1659,996.0,1008.0,34.3,,,,,,,,,,
,140.25,1596,996.0,996.0,33.5,,,,,,,,,,
,140.61,1533,996.0,1008.0,32.7,,,,,,,,,,
,140.97,1449,996.0,1008.0,30.7,,,,,,,,,,
,141.34,1386,996.0,996.0,29.1,,,,,,,,,,
,141.68,1218,996.0,996.0,25.1,,,,,,,,,,
,142.04,840,1068.0,996.0,19.9,,,,,,,,,,
,142.39,840,1056.0,996.0,19.9,,,,,,,,,,
,142.75,840,1056.0,996.0,19.9,,,,,,,,,,
,143.13,840,1056.0,996.0,19.9,,,,,,,,,,
,143.49,819,1056.0,996.0,19.9,,,,,,,,,,
,143.86,840,1056.0,996.0,19.9,,,,,,,,,,
,144.22,840,1056.0,996.0,19.9,,,,,,,,,,
,144.59,987,1296.0,984.0,19.9,,,,,,,,,,
,144.98,1680,1272.0,1044.0,27.9,,,,,,,,,,
,145.34,1680,1296.0,1176.0,28.3,,,,,,,,,,
,145.71,1785,1488.0,1272.0,24.3,,,,,,,,,,
,146.06,1848,1476.0,1500.0,43.8,,,,,,,,,,
,146.45,1953,1464.0,1680.0,53.0,,,,,,,,,,
,146.83,2037,1488.0,1704.0,53.8,,,,,,,,,,
,147.21,2142,1464.0,1716.0,57.0,,,,,,,,,,
,147.57,2226,1452.0,1656.0,55.4,,,,,,,,,,
,147.94,2205,1008.0,1572.0,40.6,,,,,,,,,,
,148.32,1785,996.0,1320.0,37.1,,,,,,,,,,
,148.69,1512,1188.0,1176.0,33.1,,,,,,,,,,
,149.06,1512,1188.0,1212.0,32.7,,,,,,,,,,
,149.42,1533,1332.0,1224.0,28.7,,,,,,,,,,
,149.79,1575,1332.0,1320.0,36.7,,,,,,,,,,
,150.17,1617,1344.0,1404.0,41.8,,,,,,,,,,
,150.54,1638,1344.0,1416.0,41.8,,,,,,,,,,
,150.92,1680,1344.0,1404.0,41.0,,,,,,,,,,
,151.28,1701,1344.0,1380.0,39.8,,,,,,,,,,
,151.64,1743,1356.0,1368.0,39.4,,,,,,,,,,
,152.03,1764,1356.0,1368.0,40.6,,,,,,,,,,
,152.39,1806,1344.0,1368.0,41.0,,,,,,,,,,
,152.79,1827,1332.0,1368.0,41.8,,,,,,,,,,
,153.16,1827,1332.0,1356.0,41.4,,,,,,,,,,
,153.54,1848,1308.0,1344.0,41.4,,,,,,,,,,
,153.90,1827,996.0,1272.0,36.3,,,,,,,,,,
,154.24,1806,1128.0,1164.0,36.3,,,,,,,,,,
,154.62,1785,1152.0,1104.0,36.3,,,,,,,,,,
,154.99,1806,1176.0,1068.0,35.9,,,,,,,,,,
,155.38,1785,1200.0,1056.0,36.3,,,,,,,,,,
,155.75,1806,1356.0,1020.0,25.5,,,,,,,,,,
,156.12,1827,1464.0,1200.0,29.1,,,,,,,,,,
,156.49,1848,1464.0,1464.0,42.2,,,,,,,,,,
,156.85,1869,1464.0,1632.0,50.2,,,,,,,,,,
,157.24,1911,1440.0,1656.0,52.2,,,,,,,,,,
,157.58,1932,1344.0,1608.0,55.4,,,,,,,,,,
,157.92,1953,1356.0,1476.0,46.6,,,,,,,,,,
,158.27,1974,1380.0,1380.0,41.8,,,,,,,,,,
,158.67,1995,1368.0,1500.0,51.0,,,,,,,,,,
,159.05,2016,1368.0,1476.0,48.2,,,,,,,,,,
,159.37,2037,1368.0,1404.0,45.0,,,,,,,,,,
,159.72,2079,1416.0,1356.0,39.8,,,,,,,,,,
,160.07,2121,1848.0,1404.0,31.9,,,,,,,,,,
,160.43,2184,1944.0,1776.0,46.2,,,,,,,,,,
,160.78,2268,2064.0,2136.0,59.8,,,,,,,,,,
,161.12,2352,2064.0,2412.0,73.3,,,,,,,,,,
,161.45,2436,1992.0,2136.0,61.8,,,,,,,,,,
,161.76,2478,1272.0,1800.0,70.9,,,,,,,,,,
,162.12,2478,1308.0,1428.0,43.0,,,,,,,,,,
,162.48,2562,2016.0,1440.0,37.1,,,,,,,,,,
,162.82,2583,1536.0,1884.0,71.3,,,,,,,,,,
,163.13,2625,1488.0,1632.0,55.0,,,,,,,,,,
,163.45,2604,1056.0,1512.0,45.0,,,,,,,,,,
,163.82,2625,1020.0,1320.0,45.0,,,,,,,,,,
,164.19,2625,1128.0,1236.0,45.0,,,,,,,,,,
,164.53,2667,1596.0,1248.0,34.7,,,,,,,,,,
,164.85,2709,1908.0,1632.0,39.8,,,,,,,,,,
,165.19,2583,1020.0,1872.0,45.0,,,,,,,,,,
,165.57,2037,1332.0,1452.0,41.0,,,,,,,,,,
,165.93,2121,2016.0,1536.0,31.5,,,,,,,,,,
,166.26,2184,2220.0,1968.0,47.8,,,,,,,,,,
,166.60,2247,2316.0,2412.0,64.5,,,,,,,,,,
,166.93,2310,2328.0,2532.0,65.7,,,,,,,,,,
,167.30,2394,2328.0,2280.0,59.0,,,,,,,,,,
,167.65,2457,2340.0,2232.0,59.0,,,,,,,,,,
,168.00,2541,2340.0,2268.0,59.8,,,,,,,,,,
,168.34,2604,2340.0,2304.0,61.0,,,,,,,,,,
,168.67,2688,2340.0,2340.0,63.0,,,,,,,,,,
,169.03,2751,2340.0,2376.0,64.5,,,,,,,,,,
,169.40,2814,2340.0,2400.0,66.5,,,,,,,,,,
,169.74,2898,2328.0,2424.0,69.7,,,,,,,,,,
,170.09,2877,1056.0,2184.0,49.4,,,,,,,,,,
,170.43,2919,1032.0,1548.0,48.2,,,,,,,,,,
,170.78,2898,1032.0,1356.0,48.2,,,,,,,,,,
,171.17,2877,1032.0,1260.0,48.2,,,,,,,,,,
,171.50,2835,1032.0,1212.0,47.4,,,,,,,,,,
,171.84,2814,1020.0,1188.0,47.0,,,,,,,,,,
,172.17,2772,1020.0,1176.0,46.6,,,,,,,,,,
,172.57,2730,1020.0,1164.0,46.2,,,,,,,,,,
,172.98,2709,1020.0,1164.0,45.8,,,,,,,,,,
,173.30,2688,1056.0,1152.0,45.8,,,,,,,,,,
,173.63,2709,1320.0,1176.0,34.7,,,,,,,,,,
,173.99,2688,1512.0,1368.0,44.6,,,,,,,,,,
,174.35,2688,1524.0,1692.0,64.1,,,,,,,,,,
,174.71,2709,1500.0,1812.0,67.7,,,,,,,,,,
,175.09,2730,1440.0,1608.0,60.6,,,,,,,,,,
,175.45,2730,1320.0,1428.0,57.0,,,,,,,,,,
,175.81,2730,1284.0,1296.0,52.6,,,,,,,,,,
,176.20,2730,1284.0,1224.0,47.0,,,,,,,,,,
,176.58,2730,1296.0,1188.0,44.2,,,,,,,,,,
,176.94,2730,1356.0,1140.0,40.2,,,,,,,,,,
,177.32,2730,1500.0,1356.0,48.2,,,,,,,,,,
,177.70,2751,1536.0,1692.0,64.1,,,,,,,,,,
,178.07,2730,1044.0,1632.0,46.2,,,,,,,,,,
,178.44,2730,1020.0,1356.0,46.2,,,,,,,,,,
,178.78,2709,1020.0,1260.0,45.8,,,,,,,,,,
,179.15,2688,1020.0,1200.0,45.8,,,,,,,,,,
,179.52,2646,1020.0,1176.0,45.4,,,,,,,,,,
,179.89,2625,1020.0,1164.0,45.0,,,,,,,,,,
,180.26,2604,1020.0,1152.0,44.6,,,,,,,,,,
,180.61,2562,1020.0,1152.0,44.6,,,,,,,,,,
,180.97,2541,1020.0,1140.0,44.2,,,,,,,,,,
,181.36,2520,1020.0,1140.0,43.8,,,,,,,,,,
,181.73,2499,1008.0,1140.0,43.4,,,,,,,,,,
,182.09,2520,1380.0,1152.0,34.7,,,,,,,,,,
,182.45,2478,1476.0,1380.0,48.2,,,,,,,,,,
,182.84,2499,1476.0,1692.0,60.2,,,,,,,,,,
,183.21,2520,1452.0,1644.0,57.0,,,,,,,,,,
,183.58,2520,1440.0,1524.0,54.2,,,,,,,,,,
,183.94,2541,1428.0,1440.0,50.2,,,,,,,,,,
,184.29,2541,1392.0,1368.0,48.2,,,,,,,,,,
,184.67,2562,1620.0,1344.0,39.8,,,,,,,,,,
,185.04,2562,1512.0,1704.0,67.3,,,,,,,,,,
,185.41,2604,1500.0,1704.0,61.4,,,,,,,,,,
,185.77,2604,1476.0,1572.0,57.4,,,,,,,,,,
,186.14,2625,1476.0,1476.0,53.8,,,,,,,,,,
,186.52,2646,1500.0,1416.0,51.4,,,,,,,,,,
,186.89,2646,1428.0,1488.0,58.6,,,,,,,,,,
,187.26,2646,1356.0,1524.0,60.2,,,,,,,,,,
,187.63,2646,1320.0,1404.0,56.6,,,,,,,,,,
,187.99,2667,1320.0,1308.0,51.4,,,,,,,,,,
,188.39,2646,1320.0,1248.0,47.8,,,,,,,,,,
,188.77,2646,1248.0,1212.0,48.2,,,,,,,,,,
,189.15,2646,1224.0,1176.0,46.6,,,,,,,,,,
,189.48,2625,1224.0,1140.0,46.6,,,,,,,,,,
,189.80,2646,1224.0,1128.0,46.6,,,,,,,,,,
,190.17,2625,1236.0,1104.0,46.6,,,,,,,,,,
,190.53,2625,1236.0,1104.0,46.6,,,,,,,,,,
,190.86,2625,1380.0,1068.0,34.7,,,,,,,,,,
,191.18,2625,1440.0,1272.0,42.6,,,,,,,,,,
,191.51,2646,1440.0,1596.0,60.2,,,,,,,,,,
,191.85,2667,1872.0,1776.0,53.0,,,,,,,,,,
,192.18,2625,1104.0,1908.0,46.6,,,,,,,,,,
,192.53,2625,1020.0,1476.0,45.0,,,,,,,,,,
,192.86,2625,1020.0,1308.0,45.0,,,,,,,,,,
,193.18,2604,1020.0,1224.0,44.6,,,,,,,,,,
,193.51,2583,1020.0,1188.0,44.6,,,,,,,,,,
,193.84,2562,1020.0,1164.0,44.2,,,,,,,,,,
,194.19,2541,1128.0,1152.0,44.2,,,,,,,,,,
,194.51,2541,1128.0,1176.0,43.8,,,,,,,,,,
,194.83,2520,1128.0,1152.0,43.8,,,,,,,,,,
,195.15,2499,1128.0,1116.0,43.4,,,,,,,,,,
,195.49,2499,1128.0,1092.0,43.4,,,,,,,,,,
,195.84,2478,1128.0,1068.0,43.4,,,,,,,,,,
,196.17,2457,1128.0,1056.0,43.4,,,,,,,,,,
,196.49,2457,1128.0,1056.0,43.0,,,,,,,,,,
,196.81,2436,1128.0,1044.0,43.0,,,,,,,,,,
,197.15,2436,1128.0,1044.0,43.0,,,,,,,,,,
,197.48,2457,1404.0,1020.0,34.7,,,,,,,,,,
,197.81,2436,1644.0,1188.0,34.7,,,,,,,,,,
,198.14,2457,1524.0,1596.0,57.0,,,,,,,,,,
,198.46,2457,1392.0,1704.0,63.0,,,,,,,,,,
,198.81,2478,1380.0,1500.0,53.0,,,,,,,,,,
,199.15,2478,1368.0,1392.0,49.4,,,,,,,,,,
,199.49,2478,1344.0,1320.0,46.2,,,,,,,,,,
,199.80,2499,1380.0,1236.0,41.0,,,,,,,,,,
,200.13,2499,1356.0,1380.0,51.4,,,,,,,,,,
,200.44,2499,1356.0,1488.0,55.8,,,,,,,,,,
,200.82,2499,1356.0,1440.0,52.2,,,,,,,,,,
,201.15,2520,1332.0,1380.0,50.6,,,,,,,,,,
,201.47,2520,1332.0,1332.0,48.6,,,,,,,,,,
,201.79,2520,1320.0,1284.0,46.6,,,,,,,,,,
,202.11,2520,1320.0,1260.0,44.2,,,,,,,,,,
,202.46,2520,1320.0,1236.0,43.0,,,,,,,,,,
,202.82,2520,1320.0,1224.0,41.8,,,,,,,,,,
,203.14,2520,1320.0,1212.0,41.4,,,,,,,,,,
,203.46,2520,1296.0,1200.0,41.4,,,,,,,,,,
,203.77,2520,1284.0,1188.0,40.6,,,,,,,,,,
,204.11,2520,1308.0,1188.0,39.4,,,,,,,,,,
,204.47,2541,1308.0,1188.0,39.0,,,,,,,,,,
,204.78,2520,1308.0,1200.0,40.2,,,,,,,,,,
,205.10,2541,1308.0,1224.0,41.4,,,,,,,,,,
,205.42,2562,1464.0,1200.0,34.7,,,,,,,,,,
,205.76,2541,1620.0,1452.0,45.8,,,,,,,,,,
,206.12,2583,1596.0,1812.0,63.0,,,,,,,,,,
,206.49,2583,1584.0,1812.0,60.2,,,,,,,,,,
,206.83,2604,1404.0,1680.0,60.6,,,,,,,,,,
,207.17,2625,1464.0,1512.0,51.8,,,,,,,,,,
,207.51,2646,1548.0,1500.0,49.8,,,,,,,,,,
,207.88,2667,1536.0,1608.0,57.8,,,,,,,,,,
,208.23,2688,1536.0,1680.0,61.8,,,,,,,,,,
,208.58,2709,1524.0,1656.0,61.0,,,,,,,,,,
,208.95,2730,1572.0,1596.0,57.4,,,,,,,,,,
,209.31,2751,1608.0,1632.0,57.0,,,,,,,,,,
,209.68,2772,1608.0,1692.0,62.2,,,,,,,,,,
,210.05,2814,1608.0,1704.0,63.4,,,,,,,,,,
,210.40,2835,1656.0,1668.0,60.2,,,,,,,,,,
,210.75,2856,1644.0,1704.0,64.5,,,,,,,,,,
,211.11,2898,1632.0,1704.0,64.9,,,,,,,,,,
,211.49,2898,1512.0,1644.0,65.7,,,,,,,,,,
,211.85,2877,1032.0,1392.0,48.2,,,,,,,,,,
,212.20,2877,1032.0,1272.0,48.2,,,,,,,,,,
,212.56,2856,1032.0,1224.0,47.8,,,,,,,,,,
,212.92,2835,1032.0,1188.0,47.4,,,,,,,,,,
,213.29,2814,1032.0,1176.0,47.4,,,,,,,,,,
,213.65,2793,1020.0,1164.0,47.0,,,,,,,,,,
,214.01,2772,1020.0,1152.0,47.0,,,,,,,,,,
,214.37,2751,1020.0,1152.0,46.6,,,,,,,,,,
,214.74,2730,1020.0,1152.0,46.2,,,,,,,,,,
,215.13,2709,1020.0,1140.0,46.2,,,,,,,,,,
,215.48,2709,1020.0,1140.0,45.8,,,,,,,,,,
,215.84,2688,1020.0,1140.0,45.8,,,,,,,,,,
,216.19,2667,1044.0,1140.0,45.4,,,,,,,,,,
,216.57,2646,1068.0,1152.0,45.4,,,,,,,,,,
,216.94,2625,1104.0,1128.0,45.0,,,,,,,,,,
,217.30,2604,1104.0,1104.0,45.0,,,,,,,,,,
,217.66,2604,1140.0,1080.0,45.0,,,,,,,,,,
,218.01,2604,1176.0,1068.0,45.0,,,,,,,,,,
,218.40,2604,1188.0,1068.0,45.0,,,,,,,,,,
,218.76,2583,1200.0,1056.0,45.0,,,,,,,,,,
,219.12,2583,1224.0,1056.0,45.0,,,,,,,,,,
,219.47,2583,1236.0,1056.0,46.2,,,,,,,,,,
,219.82,2562,1236.0,1080.0,45.8,,,,,,,,,,
,220.20,2562,1248.0,1092.0,46.2,,,,,,,,,,
,220.57,2583,1284.0,1104.0,46.6,,,,,,,,,,
,220.92,2583,1296.0,1176.0,38.6,,,,,,,,,,
,221.27,2583,1320.0,1416.0,55.8,,,,,,,,,,
,221.62,2583,1320.0,1428.0,54.2,,,,,,,,,,
,221.98,2583,1320.0,1368.0,51.0,,,,,,,,,,
,222.34,2604,1308.0,1308.0,47.8,,,,,,,,,,
,222.67,2604,1320.0,1260.0,44.6,,,,,,,,,,
,223.01,2604,1308.0,1224.0,43.8,,,,,,,,,,
,223.34,2604,1308.0,1200.0,41.4,,,,,,,,,,
,223.69,2604,1308.0,1188.0,41.0,,,,,,,,,,
,224.06,2604,1308.0,1176.0,39.8,,,,,,,,,,
,224.39,2604,1320.0,1176.0,39.4,,,,,,,,,,
,224.72,2625,1440.0,1188.0,39.0,,,,,,,,,,
,225.04,2625,1452.0,1488.0,54.6,,,,,,,,,,
,225.41,2646,1452.0,1680.0,63.8,,,,,,,,,,
,225.78,2667,1452.0,1584.0,57.0,,,,,,,,,,
,226.12,2688,1452.0,1512.0,53.8,,,,,,,,,,
,226.44,2688,1452.0,1452.0,53.0,,,,,,,,,,
,226.77,2709,1464.0,1428.0,52.2,,,,,,,,,,
,227.13,2709,1464.0,1416.0,51.8,,,,,,,,,,
,227.47,2730,1452.0,1416.0,51.4,,,,,,,,,,
,227.78,2751,1452.0,1428.0,52.2,,,,,,,,,,
,228.11,2751,1428.0,1440.0,54.2,,,,,,,,,,
,228.44,2772,1428.0,1440.0,53.0,,,,,,,,,,
,228.78,2772,1368.0,1416.0,55.0,,,,,,,,,,
,229.11,2772,1308.0,1368.0,54.6,,,,,,,,,,
,229.46,2772,1272.0,1308.0,50.6,,,,,,,,,,
,229.77,2772,1236.0,1236.0,48.2,,,,,,,,,,
,230.08,2751,1152.0,1188.0,47.0,,,,,,,,,,
,230.40,2751,1152.0,1140.0,47.0,,,,,,,,,,
,230.75,2751,1140.0,1116.0,46.6,,,,,,,,,,
,231.08,2730,1128.0,1092.0,46.6,,,,,,,,,,
,231.40,2709,1116.0,1068.0,46.2,,,,,,,,,,
,231.73,2709,1080.0,1056.0,46.2,,,,,,,,,,
,232.06,2688,1080.0,1056.0,45.8,,,,,,,,,,
,232.39,2667,1068.0,1044.0,45.8,,,,,,,,,,
,232.72,2646,1068.0,1044.0,45.4,,,,,,,,,,
,233.03,2625,1044.0,1044.0,45.0,,,,,,,,,,
,233.36,2625,1044.0,1044.0,45.0,,,,,,,,,,
,233.67,2604,1032.0,1044.0,44.6,,,,,,,,,,
,234.04,2583,1020.0,996.0,44.6,,,,,,,,,,
,234.39,2562,1020.0,1068.0,44.2,,,,,,,,,,
,234.72,2541,1020.0,1104.0,43.8,,,,,,,,,,
,235.04,2520,1020.0,1128.0,43.8,,,,,,,,,,
,235.36,2499,1020.0,1128.0,43.8,,,,,,,,,,
,235.69,2499,1008.0,1140.0,43.4,,,,,,,,,,
,236.04,2478,1008.0,1140.0,43.4,,,,,,,,,,
,236.42,2457,1008.0,1140.0,43.4,,,,,,,,,,
,236.74,2457,1008.0,1140.0,43.0,,,,,,,,,,
,237.08,2436,1008.0,1140.0,43.0,,,,,,,,,,
,237.44,2415,1008.0,1140.0,43.0,,,,,,,,,,
,237.80,2415,1008.0,1140.0,42.6,,,,,,,,,,
,238.18,2373,1008.0,1128.0,42.6,,,,,,,,,,
,238.51,2352,1008.0,1128.0,42.2,,,,,,,,,,
,238.86,2352,1008.0,1128.0,42.2,,,,,,,,,,
,239.23,2331,1008.0,1128.0,42.2,,,,,,,,,,
,239.59,2310,1008.0,1128.0,41.8,,,,,,,,,,
,239.96,2289,1008.0,1128.0,41.8,,,,,,,,,,
,240.31,2268,1008.0,1128.0,41.4,,,,,,,,,,
,240.67,2247,1008.0,1116.0,41.4,,,,,,,,,,
,241.04,2226,1116.0,1140.0,41.4,,,,,,,,,,
,241.39,2226,1140.0,1104.0,41.0,,,,,,,,,,
,241.75,2205,1284.0,1092.0,34.7,,,,,,,,,,
,242.11,2205,1284.0,1092.0,33.9,,,,,,,,,,
,242.46,2205,1284.0,1116.0,34.3,,,,,,,,,,
,242.81,2205,1284.0,1152.0,33.9,,,,,,,,,,
,243.20,2205,1284.0,1188.0,36.3,,,,,,,,,,
,243.58,2205,1284.0,1212.0,36.7,,,,,,,,,,
,243.93,2184,1284.0,1212.0,37.1,,,,,,,,,,
,244.29,2205,1320.0,1224.0,36.3,,,,,,,,,,
,244.65,2205,1320.0,1236.0,35.9,,,,,,,,,,
,245.01,2205,1320.0,1236.0,36.3,,,,,,,,,,
,245.37,2205,1320.0,1260.0,37.5,,,,,,,,,,
,245.72,2205,1320.0,1296.0,38.6,,,,,,,,,,
,246.07,2205,1308.0,1308.0,40.2,,,,,,,,,,
,246.45,2205,1296.0,1320.0,41.0,,,,,,,,,,
,246.83,2184,1008.0,1236.0,40.6,,,,,,,,,,
,247.18,2163,996.0,1152.0,40.2,,,,,,,,,,
,247.54,2142,996.0,1104.0,39.8,,,,,,,,,,
,247.91,2121,996.0,1068.0,39.8,,,,,,,,,,
,248.28,2079,996.0,1056.0,39.4,,,,,,,,,,
,248.66,2037,996.0,1044.0,39.0,,,,,,,,,,
,249.01,2016,996.0,1032.0,38.6,,,,,,,,,,
,249.37,1974,996.0,1032.0,38.3,,,,,,,,,,
,249.72,1932,996.0,1020.0,37.9,,,,,,,,,,
,250.09,1890,996.0,1020.0,37.5,,,,,,,,,,
,250.48,1848,996.0,1020.0,36.3,,,,,,,,,,
,250.84,1785,996.0,1020.0,35.9,,,,,,,,,,
,251.21,1344,996.0,1020.0,30.7,,,,,,,,,,
,251.57,966,996.0,1020.0,19.9,,,,,,,,,,
,251.95,861,1056.0,1008.0,19.9,,,,,,,,,,
,252.33,840,1056.0,1008.0,19.9,,,,,,,,,,
,252.70,840,1056.0,1008.0,19.9,,,,,,,,,,
,253.03,840,1056.0,996.0,19.9,,,,,,,,,,
,253.40,840,1056.0,996.0,19.9,,,,,,,,,,
,253.77,840,1056.0,996.0,19.9,,,,,,,,,,
,254.12,819,1056.0,996.0,19.9,,,,,,,,,,
,254.49,819,1056.0,996.0,19.9,,,,,,,,,,
,254.86,840,1044.0,996.0,19.9,,,,,,,,,,
,255.22,819,1056.0,996.0,19.9,,,,,,,,,,
,255.59,819,1056.0,996.0,19.9,,,,,,,,,,
,255.93,840,1044.0,996.0,19.9,,,,,,,,,,
,256.28,840,1056.0,996.0,19.9,,,,,,,,,,
,256.62,840,1044.0,996.0,19.9,,,,,,,,,,
,256.96,819,1056.0,996.0,19.9,,,,,,,,,,
,257.33,840,1044.0,996.0,19.9,,,,,,,,,,
,257.66,819,1056.0,996.0,19.9,,,,,,,,,,
,257.98,840,1044.0,996.0,19.9,,,,,,,,,,
,258.31,819,1056.0,996.0,19.9,,,,,,,,,,
,258.67,840,1044.0,996.0,19.9,,,,,,,,,,
,259.05,819,1056.0,996.0,19.9,,,,,,,,,,
,259.42,819,1056.0,996.0,19.9,,,,,,,,,,
,259.79,819,1056.0,996.0,19.9,,,,,,,,,,
,260.11,819,1056.0,996.0,19.9,,,,,,,,,,
,260.49,819,1056.0,996.0,19.9,,,,,,,,,,
,260.86,819,1044.0,996.0,19.9,,,,,,,,,,
,261.20,840,1056.0,996.0,19.9,,,,,,,,,,
,261.53,819,1056.0,996.0,19.9,,,,,,,,,,
,261.87,819,1056.0,996.0,19.9,,,,,,,,,,
,262.23,819,1056.0,996.0,19.9,,,,,,,,,,
,262.60,798,1068.0,996.0,19.9,,,,,,,,,,
,262.95,840,1044.0,996.0,19.9,,,,,,,,,,
,263.28,840,1044.0,996.0,19.9,,,,,,,,,,
,263.60,819,1056.0,996.0,19.9,,,,,,,,,,
,263.98,819,1056.0,996.0,19.9,,,,,,,,,,
,264.35,840,1044.0,996.0,19.9,,,,,,,,,,
,264.68,840,1056.0,996.0,19.9,,,,,,,,,,
,265.01,819,1056.0,996.0,19.9,,,,,,,,,,
,265.35,840,1056.0,996.0,19.9,,,,,,,,,,
,265.72,840,1044.0,996.0,19.9,,,,,,,,,,
,266.10,819,1056.0,996.0,19.9,,,,,,,,,,
,266.43,819,1056.0,996.0,19.9,,,,,,,,,,
,266.76,819,1056.0,996.0,19.9,,,,,,,,,,
,267.10,819,1056.0,996.0,19.9,,,,,,,,,,
,267.48,840,1056.0,996.0,19.9,,,,,,,,,,
,267.83,819,1056.0,996.0,19.9,,,,,,,,,,
,268.21,987,1200.0,996.0,19.9,,,,,,,,,,
,268.54,1092,1164.0,1008.0,19.9,,,,,,,,,,
,268.86,1176,1260.0,1044.0,19.9,,,,,,,,,,
,269.24,1323,1260.0,1116.0,20.3,,,,,,,,,,
,269.62,1281,1248.0,1212.0,27.5,,,,,,,,,,
,269.96,1176,1260.0,1272.0,25.9,,,,,,,,,,
,270.30,1407,1272.0,1296.0,32.3,,,,,,,,,,
,270.64,1596,1356.0,1356.0,37.1,,,,,,,,,,
,271.02,1785,1428.0,1476.0,42.2,,,,,,,,,,
,271.40,1995,1440.0,1668.0,53.8,,,,,,,,,,
,271.76,2205,1452.0,1692.0,56.2,,,,,,,,,,
,272.11,2142,996.0,1524.0,41.4,,,,,,,,,,
,272.49,1680,996.0,1296.0,35.5,,,,,,,,,,
,272.89,1218,1224.0,1212.0,19.9,,,,,,,,,,
,273.29,1302,1296.0,1260.0,29.5,,,,,,,,,,
,273.64,1386,1428.0,1332.0,32.3,,,,,,,,,,
,274.00,1491,1464.0,1440.0,39.0,,,,,,,,,,
,274.35,1596,1500.0,1560.0,44.2,,,,,,,,,,
,274.73,1680,1524.0,1704.0,49.8,,,,,,,,,,
,275.11,1806,1548.0,1740.0,50.6,,,,,,,,,,
,275.48,1890,1596.0,1728.0,49.8,,,,,,,,,,
,275.84,1974,1596.0,1716.0,51.4,,,,,,,,,,
,276.19,2079,1644.0,1692.0,46.2,,,,,,,,,,
,276.56,2184,1644.0,1884.0,63.4,,,,,,,,,,
,276.94,2310,1788.0,1992.0,61.0,,,,,,,,,,
,277.30,2457,1752.0,2088.0,71.7,,,,,,,,,,
,277.66,2583,1692.0,1908.0,64.5,,,,,,,,,,
,278.02,2709,1632.0,1740.0,63.0,,,,,,,,,,
,278.39,2394,1008.0,1464.0,43.4,,,,,,,,,,
,278.77,1932,1272.0,1296.0,37.9,,,,,,,,,,
,279.12,1764,1548.0,1368.0,29.9,,,,,,,,,,
,279.49,1806,1644.0,1548.0,39.4,,,,,,,,,,
,279.85,1848,1620.0,1728.0,50.6,,,,,,,,,,
,280.23,1890,1620.0,1884.0,56.6,,,,,,,,,,
,280.60,1953,1596.0,1824.0,55.4,,,,,,,,,,
,280.95,1974,1464.0,1728.0,55.4,,,,,,,,,,
,281.31,2037,1440.0,1584.0,51.0,,,,,,,,,,
,281.67,2016,1272.0,1476.0,49.4,,,,,,,,,,
,282.05,2037,996.0,1308.0,38.6,,,,,,,,,,
,282.43,1995,996.0,1176.0,38.6,,,,,,,,,,
,282.79,1953,996.0,1104.0,38.3,,,,,,,,,,
,283.15,1932,996.0,1080.0,37.9,,,,,,,,,,
,283.52,1911,996.0,1056.0,37.5,,,,,,,,,,
,283.91,1869,996.0,1044.0,37.1,,,,,,,,,,
,284.29,1848,996.0,1032.0,36.7,,,,,,,,,,
,284.65,1806,996.0,1020.0,36.3,,,,,,,,,,
,285.01,1764,996.0,1020.0,35.9,,,,,,,,,,
,285.37,1743,996.0,1020.0,35.1,,,,,,,,,,
,285.75,1680,996.0,1008.0,34.7,,,,,,,,,,
,286.12,1596,996.0,1008.0,33.9,,,,,,,,,,
,286.46,1470,996.0,1008.0,32.7,,,,,,,,,,
,286.80,1092,996.0,1008.0,19.9,,,,,,,,,,
,287.15,798,1080.0,1008.0,19.9,,,,,,,,,,
,287.53,861,1056.0,1008.0,19.9,,,,,,,,,,
,287.89,840,1056.0,996.0,19.9,,,,,,,,,,
,288.21,840,1056.0,996.0,19.9,,,,,,,,,,
,288.53,840,1056.0,996.0,19.9,,,,,,,,,,
,288.92,819,1056.0,996.0,19.9,,,,,,,,,,
,289.30,840,1056.0,996.0,19.9,,,,,,,,,,
,289.64,840,1056.0,996.0,19.9,,,,,,,,,,
,289.97,819,1056.0,996.0,19.9,,,,,,,,,,
,290.29,819,1056.0,996.0,19.9,,,,,,,,,,
,290.68,840,1056.0,996.0,19.9,,,,,,,,,,
,291.04,840,1056.0,996.0,19.9,,,,,,,,,,
,291.38,1176,1140.0,984.0,19.9,,,,,,,,,,
,291.70,1197,1164.0,1032.0,19.9,,,,,,,,,,
,292.03,1113,1188.0,1080.0,19.9,,,,,,,,,,
,292.37,1344,1200.0,1128.0,22.7,,,,,,,,,,
,292.75,1449,1212.0,1176.0,29.1,,,,,,,,,,
,293.13,1575,1212.0,1176.0,31.1,,,,,,,,,,
,293.45,1680,1284.0,1212.0,31.9,,,,,,,,,,
,293.78,1806,1308.0,1368.0,40.2,,,,,,,,,,
,294.13,1953,1356.0,1512.0,50.2,,,,,,,,,,
,294.50,1701,996.0,1572.0,35.9,,,,,,,,,,
,294.86,1260,996.0,1320.0,27.1,,,,,,,,,,
,295.19,1155,1188.0,1188.0,19.9,,,,,,,,,,
,295.51,1113,1224.0,1200.0,19.9,,,,,,,,,,
,295.89,1218,1284.0,1212.0,24.3,,,,,,,,,,
,296.28,1323,1368.0,1284.0,31.1,,,,,,,,,,
,296.64,1470,1392.0,1380.0,39.0,,,,,,,,,,
,296.98,1596,1464.0,1488.0,41.4,,,,,,,,,,
,297.31,1722,1536.0,1644.0,46.6,,,,,,,,,,
,297.66,1848,1560.0,1704.0,49.4,,,,,,,,,,
,298.05,1974,1632.0,1728.0,46.6,,,,,,,,,,
,298.40,2121,1632.0,1884.0,59.0,,,,,,,,,,
,298.72,2289,1620.0,1968.0,63.8,,,,,,,,,,
,299.05,2415,1212.0,1800.0,59.8,,,,,,,,,,
,299.40,2058,996.0,1512.0,40.2,,,,,,,,,,
,299.78,1659,1296.0,1308.0,34.7,,,,,,,,,,
,300.13,1722,1956.0,1416.0,23.9,,,,,,,,,,
,300.46,1806,2016.0,1740.0,37.1,,,,,,,,,,
,300.78,1932,2028.0,2052.0,50.6,,,,,,,,,,
,301.14,2016,2004.0,2268.0,63.0,,,,,,,,,,
,301.53,2142,1896.0,2364.0,67.3,,,,,,,,,,
,301.90,1785,996.0,1704.0,37.1,,,,,,,,,,
,302.26,1764,1428.0,1404.0,36.3,,,,,,,,,,
,302.62,1701,1536.0,1500.0,40.2,,,,,,,,,,
,303.00,1764,1560.0,1620.0,46.2,,,,,,,,,,
,303.38,1806,1560.0,1740.0,52.2,,,,,,,,,,
,303.73,1869,1560.0,1788.0,53.4,,,,,,,,,,
,304.09,1911,1560.0,1716.0,50.6,,,,,,,,,,
,304.45,1953,1560.0,1644.0,49.4,,,,,,,,,,
,304.83,1995,1680.0,1620.0,49.0,,,,,,,,,,
,305.20,2079,2004.0,1764.0,43.4,,,,,,,,,,
,305.56,2142,2028.0,2112.0,60.6,,,,,,,,,,
,305.91,2205,2028.0,2304.0,68.9,,,,,,,,,,
,306.27,2268,2016.0,2280.0,64.9,,,,,,,,,,
,306.66,2352,2004.0,2160.0,63.4,,,,,,,,,,
,307.04,2373,1404.0,2052.0,63.0,,,,,,,,,,
,307.40,2037,996.0,1584.0,39.8,,,,,,,,,,
,307.75,1659,1200.0,1344.0,34.7,,,,,,,,,,
,308.12,1911,1836.0,1440.0,29.1,,,,,,,,,,
,308.49,1932,1824.0,1776.0,46.2,,,,,,,,,,
,308.87,1953,1824.0,2040.0,57.0,,,,,,,,,,
,309.23,1995,1812.0,2028.0,55.4,,,,,,,,,,
,309.59,2016,1752.0,1968.0,56.6,,,,,,,,,,
,309.95,2037,1752.0,1884.0,53.8,,,,,,,,,,
,310.34,2058,1740.0,1824.0,52.6,,,,,,,,,,
,310.71,2079,1656.0,1764.0,55.0,,,,,,,,,,
,311.06,2079,1656.0,1716.0,52.6,,,,,,,,,,
,311.42,2100,1380.0,1668.0,53.4,,,,,,,,,,
,311.81,2079,996.0,1440.0,39.4,,,,,,,,,,
,312.20,2079,996.0,1236.0,39.4,,,,,,,,,,
,312.57,2058,1116.0,1140.0,39.4,,,,,,,,,,
,312.93,2058,1140.0,1104.0,39.0,,,,,,,,,,
,313.29,2037,1236.0,1080.0,39.4,,,,,,,,,,
,313.68,2037,1236.0,1068.0,39.0,,,,,,,,,,
,314.07,2037,1248.0,1056.0,39.4,,,,,,,,,,
,314.43,2016,1236.0,1056.0,39.0,,,,,,,,,,
,314.79,2016,996.0,1068.0,38.3,,,,,,,,,,
,315.16,1995,996.0,1056.0,38.6,,,,,,,,,,
,315.55,1995,1008.0,1056.0,38.3,,,,,,,,,,
,315.93,2016,1224.0,1044.0,38.6,,,,,,,,,,
,316.29,1995,2088.0,1020.0,29.1,,,,,,,,,,
,316.65,1995,2184.0,1260.0,30.3,,,,,,,,,,
,317.04,2016,2244.0,1788.0,38.6,,,,,,,,,,
,317.42,2037,1632.0,2172.0,87.7,,,,,,,,,,
,317.77,2016,996.0,1548.0,38.6,,,,,,,,,,
,318.12,2016,996.0,1332.0,38.6,,,,,,,,,,
,318.47,2016,996.0,1200.0,38.6,,,,,,,,,,
,318.84,1995,996.0,1128.0,38.6,,,,,,,,,,
,319.23,1995,1068.0,1092.0,38.3,,,,,,,,,,
,319.59,1953,1104.0,1068.0,38.3,,,,,,,,,,
,319.92,1953,1104.0,1044.0,38.3,,,,,,,,,,
,320.26,1953,1104.0,1044.0,37.9,,,,,,,,,,
,320.65,1932,1140.0,1032.0,37.9,,,,,,,,,,
,321.02,1974,1248.0,1032.0,37.9,,,,,,,,,,
,321.35,1953,1356.0,1056.0,28.7,,,,,,,,,,
,321.68,1932,1356.0,1248.0,35.1,,,,,,,,,,
,322.00,1953,1356.0,1428.0,45.0,,,,,,,,,,
,322.37,1953,1356.0,1404.0,43.0,,,,,,,,,,
,322.74,1953,1356.0,1380.0,42.2,,,,,,,,,,
,323.08,1953,1416.0,1368.0,41.4,,,,,,,,,,
,323.41,1974,1824.0,1500.0,29.1,,,,,,,,,,
,323.76,1974,1872.0,1848.0,48.2,,,,,,,,,,
,324.14,2016,1848.0,2100.0,60.6,,,,,,,,,,
,324.52,2037,1848.0,2088.0,59.0,,,,,,,,,,
,324.86,2058,2076.0,2016.0,41.0,,,,,,,,,,
,325.18,2079,2280.0,2244.0,57.4,,,,,,,,,,
,325.51,2100,2292.0,2484.0,67.3,,,,,,,,,,
,325.87,2142,2292.0,2496.0,70.1,,,,,,,,,,
,326.24,2184,2304.0,2352.0,63.8,,,,,,,,,,
,326.57,2226,2316.0,2244.0,60.6,,,,,,,,,,
,326.90,2268,2316.0,2208.0,59.4,,,,,,,,,,
,327.23,2289,2328.0,2184.0,58.6,,,,,,,,,,
,327.58,2331,2328.0,2196.0,58.6,,,,,,,,,,
,327.97,2373,2328.0,2220.0,58.6,,,,,,,,,,
,328.31,2415,2328.0,2244.0,59.8,,,,,,,,,,
,328.64,2436,2340.0,2268.0,59.4,,,,,,,,,,
,328.98,2478,2340.0,2292.0,59.8,,,,,,,,,,
,329.37,2520,2340.0,2316.0,60.2,,,,,,,,,,
,329.75,2562,2340.0,2340.0,61.0,,,,,,,,,,
,330.09,2667,1020.0,2352.0,62.6,,,,,,,,,,
,330.42,2415,1176.0,1752.0,43.4,,,,,,,,,,
,330.76,2142,2160.0,1668.0,32.3,,,,,,,,,,
,331.14,2142,2292.0,2088.0,50.6,,,,,,,,,,
,331.54,2163,2280.0,2484.0,65.7,,,,,,,,,,
,331.88,2184,2268.0,2520.0,65.7,,,,,,,,,,
,332.20,2205,2280.0,2364.0,59.0,,,,,,,,,,
,332.53,2226,2256.0,2256.0,57.4,,,,,,,,,,
,332.91,2226,2040.0,2160.0,61.0,,,,,,,,,,
,333.30,2247,1980.0,2004.0,53.0,,,,,,,,,,
,333.63,2226,1008.0,1728.0,41.0,,,,,,,,,,
,333.95,2247,1248.0,1452.0,41.0,,,,,,,,,,
,334.28,2226,1332.0,1344.0,43.0,,,,,,,,,,
,334.66,2226,1320.0,1428.0,51.4,,,,,,,,,,
,335.05,2226,1308.0,1464.0,51.8,,,,,,,,,,
,335.41,2226,1308.0,1368.0,47.0,,,,,,,,,,
,335.78,2226,1272.0,1284.0,44.2,,,,,,,,,,
,336.14,2205,1272.0,1236.0,39.4,,,,,,,,,,
,336.51,2205,1212.0,1176.0,41.0,,,,,,,,,,
,336.89,2205,1200.0,1140.0,41.0,,,,,,,,,,
,337.24,2205,1404.0,1092.0,33.5,,,,,,,,,,
,337.60,2205,1500.0,1344.0,39.0,,,,,,,,,,
,337.98,2184,1320.0,1608.0,66.1,,,,,,,,,,
,338.35,2184,996.0,1416.0,40.6,,,,,,,,,,
,338.72,2163,996.0,1236.0,40.6,,,,,,,,,,
,339.09,2163,996.0,1152.0,40.2,,,,,,,,,,
,339.44,2142,996.0,1104.0,39.8,,,,,,,,,,
,339.82,2079,996.0,1080.0,39.4,,,,,,,,,,
,340.20,2016,996.0,1056.0,39.0,,,,,,,,,,
,340.55,1974,996.0,1044.0,38.3,,,,,,,,,,
,340.90,1932,996.0,1044.0,37.9,,,,,,,,,,
,341.26,1869,996.0,1032.0,37.1,,,,,,,,,,
,341.65,1806,996.0,1032.0,36.3,,,,,,,,,,
,342.02,1722,996.0,1020.0,35.1,,,,,,,,,,
,342.37,1701,996.0,1020.0,34.7,,,,,,,,,,
,342.74,1680,1056.0,1020.0,34.7,,,,,,,,,,
,343.08,1659,996.0,1008.0,34.3,,,,,,,,,,
,343.46,1680,996.0,1008.0,34.3,,,,,,,,,,
,343.85,1659,996.0,1008.0,34.3,,,,,,,,,,
,344.20,1638,996.0,1008.0,34.3,,,,,,,,,,
,344.56,1638,996.0,1008.0,33.9,,,,,,,,,,
,344.92,1617,996.0,1008.0,33.9,,,,,,,,,,
,345.30,1617,996.0,996.0,33.5,,,,,,,,,,
,345.68,1596,996.0,1008.0,33.5,,,,,,,,,,
,346.04,1680,1392.0,1008.0,21.9,,,,,,,,,,
,346.40,1596,2028.0,1056.0,23.1,,,,,,,,,,
,346.78,1617,2040.0,1284.0,25.5,,,,,,,,,,
,347.16,1638,2052.0,1608.0,31.1,,,,,,,,,,
,347.53,1659,2076.0,1980.0,43.8,,,,,,,,,,
,347.90,1680,2088.0,2232.0,54.6,,,,,,,,,,
,348.25,1701,2112.0,2376.0,59.4,,,,,,,,,,
,348.64,1722,2136.0,2448.0,64.9,,,,,,,,,,
,349.03,1764,2160.0,2400.0,59.8,,,,,,,,,,
,349.38,1785,2184.0,2316.0,58.6,,,,,,,,,,
,349.74,1806,1764.0,2184.0,71.3,,,,,,,,,,
,350.10,1827,1668.0,1764.0,49.8,,,,,,,,,,
,350.48,1827,1308.0,1596.0,63.0,,,,,,,,,,
,350.86,1827,1128.0,1404.0,36.3,,,,,,,,,,
,351.21,1806,1116.0,1260.0,36.3,,,,,,,,,,
,351.54,1806,1068.0,1176.0,36.3,,,,,,,,,,
,351.90,1806,1032.0,1116.0,35.9,,,,,,,,,,
,352.28,1785,996.0,1080.0,35.9,,,,,,,,,,
,352.65,1785,996.0,1056.0,35.9,,,,,,,,,,
,352.98,1785,996.0,1044.0,35.5,,,,,,,,,,
,353.31,1764,996.0,1032.0,35.5,,,,,,,,,,
,353.64,1743,996.0,1032.0,35.5,,,,,,,,,,
,354.04,1722,996.0,1020.0,35.1,,,,,,,,,,
,354.42,1554,996.0,1020.0,34.3,,,,,,,,,,
,354.75,1155,996.0,1020.0,21.9,,,,,,,,,,
,355.07,840,1080.0,1020.0,19.9,,,,,,,,,,
,355.40,882,1056.0,1008.0,19.9,,,,,,,,,,
,355.78,882,1056.0,1008.0,19.9,,,,,,,,,,
,356.14,861,1056.0,1008.0,19.9,,,,,,,,,,
,356.50,861,1056.0,996.0,19.9,,,,,,,,,,
,356.83,861,1056.0,996.0,19.9,,,,,,,,,,
,357.16,861,1056.0,996.0,19.9,,,,,,,,,,
,357.53,861,1056.0,996.0,19.9,,,,,,,,,,
,357.90,861,1056.0,996.0,19.9,,,,,,,,,,
,358.24,861,1056.0,996.0,19.9,,,,,,,,,,
,358.57,861,1056.0,996.0,19.9,,,,,,,,,,
,358.89,861,1056.0,996.0,19.9,,,,,,,,,,
,359.27,861,1056.0,996.0,19.9,,,,,,,,,,
,359.64,861,1056.0,996.0,19.9,,,,,,,,,,
,359.98,840,1056.0,996.0,19.9,,,,,,,,,,
,360.32,840,1068.0,996.0,19.9,,,,,,,,,,
,360.66,861,1056.0,996.0,19.9,,,,,,,,,,
,361.03,861,1056.0,1008.0,19.9,,,,,,,,,,
,361.41,861,1056.0,1008.0,19.9,,,,,,,,,,
,361.76,861,1056.0,996.0,19.9,,,,,,,,,,
,362.10,861,1056.0,996.0,19.9,,,,,,,,,,
,362.42,861,1056.0,996.0,19.9,,,,,,,,,,
,362.78,861,1056.0,996.0,19.9,,,,,,,,,,
,363.15,861,1056.0,996.0,19.9,,,,,,,,,,
,363.49,861,1056.0,996.0,19.9,,,,,,,,,,
,363.81,861,1056.0,1008.0,19.9,,,,,,,,,,
,364.15,861,1056.0,996.0,19.9,,,,,,,,,,
,364.52,861,1056.0,1008.0,19.9,,,,,,,,,,
,364.90,861,1056.0,996.0,19.9,,,,,,,,,,
,365.24,861,1056.0,996.0,19.9,,,,,,,,,,
,365.58,861,1056.0,996.0,19.9,,,,,,,,,,
,365.90,861,1056.0,996.0,19.9,,,,,,,,,,
,366.27,861,1056.0,996.0,19.9,,,,,,,,,,
,366.66,861,1056.0,996.0,19.9,,,,,,,,,,
,367.01,861,1056.0,996.0,19.9,,,,,,,,,,
,367.35,861,1056.0,996.0,19.9,,,,,,,,,,
,367.70,861,1056.0,996.0,19.9,,,,,,,,,,
,368.07,861,1056.0,996.0,19.9,,,,,,,,,,
,368.47,861,1056.0,1008.0,19.9,,,,,,,,,,
,368.84,861,1056.0,996.0,19.9,,,,,,,,,,
,369.19,1491,1200.0,984.0,19.9,,,,,,,,,,
,369.54,1890,1248.0,1056.0,37.9,,,,,,,,,,
,369.93,1890,1284.0,1236.0,34.3,,,,,,,,,,
,370.32,1911,1476.0,1440.0,39.0,,,,,,,,,,
,370.68,1932,1476.0,1692.0,53.8,,,,,,,,,,
,371.03,1953,1476.0,1824.0,57.4,,,,,,,,,,
,371.40,1974,1476.0,1656.0,50.2,,,,,,,,,,
,371.77,1995,1500.0,1560.0,47.8,,,,,,,,,,
,372.16,2037,1524.0,1488.0,42.6,,,,,,,,,,
,372.52,2079,1560.0,1560.0,46.2,,,,,,,,,,
,372.87,2100,1572.0,1680.0,53.8,,,,,,,,,,
,373.25,2121,1572.0,1692.0,53.8,,,,,,,,,,
,373.62,2163,1572.0,1680.0,53.4,,,,,,,,,,
,373.99,2184,1572.0,1656.0,53.4,,,,,,,,,,
,374.37,2226,1572.0,1632.0,53.8,,,,,,,,,,
,374.73,2247,1560.0,1608.0,53.8,,,,,,,,,,
,375.11,2268,1560.0,1596.0,54.2,,,,,,,,,,
,375.49,2310,1560.0,1596.0,54.2,,,,,,,,,,
,375.85,2331,1548.0,1608.0,55.8,,,,,,,,,,
,376.21,2352,1524.0,1608.0,57.8,,,,,,,,,,
,376.58,2373,1512.0,1584.0,57.8,,,,,,,,,,
,376.98,2394,1404.0,1512.0,57.0,,,,,,,,,,
,377.35,2415,1356.0,1416.0,55.4,,,,,,,,,,
,377.71,2373,1008.0,1296.0,42.2,,,,,,,,,,
,378.07,2394,1008.0,1212.0,42.6,,,,,,,,,,
,378.43,2373,1140.0,1212.0,42.6,,,,,,,,,,
,378.81,2373,1200.0,1248.0,43.0,,,,,,,,,,
,379.19,2352,1200.0,1188.0,43.0,,,,,,,,,,
,379.54,2352,1200.0,1140.0,42.6,,,,,,,,,,
,379.93,2352,1200.0,1104.0,42.6,,,,,,,,,,
,380.32,2352,1224.0,1080.0,43.0,,,,,,,,,,
,380.69,2352,1236.0,1068.0,43.0,,,,,,,,,,
,381.07,2352,1224.0,1056.0,43.0,,,,,,,,,,
,381.42,2331,1008.0,1020.0,42.2,,,,,,,,,,
,381.78,2310,1008.0,1068.0,41.8,,,,,,,,,,
,382.15,2268,1008.0,1116.0,41.4,,,,,,,,,,
,382.53,2226,1008.0,1140.0,41.4,,,,,,,,,,
,382.89,2184,1008.0,1164.0,40.6,,,,,,,,,,
,383.23,2142,996.0,1116.0,40.2,,,,,,,,,,
,383.61,2121,996.0,1092.0,39.8,,,,,,,,,,
,383.98,2058,996.0,1068.0,39.4,,,,,,,,,,
,384.36,2037,996.0,1056.0,38.6,,,,,,,,,,
,384.74,1974,996.0,1044.0,38.3,,,,,,,,,,
,385.13,1953,996.0,1032.0,37.9,,,,,,,,,,
,385.52,1911,996.0,1032.0,37.5,,,,,,,,,,
,385.89,1890,996.0,1020.0,37.1,,,,,,,,,,
,386.25,1869,1032.0,1020.0,36.7,,,,,,,,,,
,386.56,1827,1068.0,1020.0,36.3,,,,,,,,,,
,386.88,1806,996.0,1008.0,36.3,,,,,,,,,,
,387.21,1785,996.0,1008.0,35.9,,,,,,,,,,
,387.58,1764,996.0,1008.0,35.5,,,,,,,,,,
,387.95,1722,996.0,1008.0,35.1,,,,,,,,,,
,388.26,1701,996.0,1008.0,34.7,,,,,,,,,,
,388.59,1680,996.0,1008.0,34.7,,,,,,,,,,
,388.95,1659,996.0,1008.0,34.3,,,,,,,,,,
,389.31,1617,996.0,1008.0,33.9,,,,,,,,,,
,389.68,1596,996.0,1008.0,33.5,,,,,,,,,,
,390.05,1575,996.0,1008.0,33.1,,,,,,,,,,
,390.38,1554,1080.0,996.0,32.7,,,,,,,,,,
,390.73,1554,1152.0,1008.0,33.1,,,,,,,,,,
,391.12,1512,1164.0,996.0,32.3,,,,,,,,,,
,391.48,1491,1176.0,996.0,32.7,,,,,,,,,,
,391.82,1512,1236.0,1008.0,19.9,,,,,,,,,,
,392.13,1512,1248.0,1104.0,25.9,,,,,,,,,,
,392.49,1491,1248.0,1200.0,31.9,,,,,,,,,,
,392.86,1512,1260.0,1212.0,32.3,,,,,,,,,,
,393.26,1491,1260.0,1224.0,33.1,,,,,,,,,,
,393.58,1512,1260.0,1236.0,33.1,,,,,,,,,,
,393.90,1533,1332.0,1236.0,28.7,,,,,,,,,,
,394.24,1533,1344.0,1344.0,38.3,,,,,,,,,,
,394.61,1554,1344.0,1464.0,44.2,,,,,,,,,,
,394.99,1554,1332.0,1464.0,44.6,,,,,,,,,,
,395.32,1512,996.0,1404.0,32.3,,,,,,,,,,
,395.64,1512,996.0,1236.0,32.7,,,,,,,,,,
,395.97,1449,996.0,1140.0,31.1,,,,,,,,,,
,396.35,1113,996.0,1092.0,19.9,,,,,,,,,,
,396.73,861,1068.0,1056.0,19.9,,,,,,,,,,
,397.06,882,1056.0,1032.0,19.9,,,,,,,,,,
,397.38,882,1056.0,1020.0,19.9,,,,,,,,,,
,397.71,861,1056.0,1020.0,19.9,,,,,,,,,,
,398.09,861,1056.0,1008.0,19.9,,,,,,,,,,
,398.48,861,1056.0,1008.0,19.9,,,,,,,,,,
,398.79,861,1056.0,996.0,19.9,,,,,,,,,,
,399.12,861,1056.0,996.0,19.9,,,,,,,,,,
,399.46,861,1056.0,996.0,19.9,,,,,,,,,,
,399.84,861,1056.0,996.0,19.9,,,,,,,,,,
,400.22,861,1056.0,996.0,19.9,,,,,,,,,,
,400.55,861,1056.0,996.0,19.9,,,,,,,,,,
,400.87,861,1056.0,996.0,19.9,,,,,,,,,,
,401.23,861,1056.0,996.0,19.9,,,,,,,,,,
,401.61,882,1056.0,996.0,19.9,,,,,,,,,,
,401.99,861,1056.0,996.0,19.9,,,,,,,,,,
,402.35,861,1056.0,996.0,19.9,,,,,,,,,,
,402.71,861,1056.0,996.0,19.9,,,,,,,,,,
,403.08,861,1056.0,996.0,19.9,,,,,,,,,,
,403.47,861,1056.0,996.0,19.9,,,,,,,,,,
,403.84,861,1056.0,996.0,19.9,,,,,,,,,,
,404.20,861,1056.0,996.0,19.9,,,,,,,,,,
,404.57,840,1056.0,996.0,19.9,,,,,,,,,,
,404.94,840,1044.0,996.0,19.9,,,,,,,,,,
,405.32,819,1056.0,996.0,19.9,,,,,,,,,,
,405.70,840,1056.0,996.0,19.9,,,,,,,,,,
,406.06,819,1056.0,996.0,19.9,,,,,,,,,,
,406.42,840,1056.0,996.0,19.9,,,,,,,,,,
,406.80,840,1056.0,996.0,19.9,,,,,,,,,,
,407.18,840,1044.0,996.0,19.9,,,,,,,,,,
,407.56,819,1056.0,996.0,19.9,,,,,,,,,,
,407.92,840,1044.0,996.0,19.9,,,,,,,,,,
,408.28,819,1044.0,996.0,19.9,,,,,,,,,,
,408.66,819,1056.0,996.0,19.9,,,,,,,,,,
,409.04,840,1044.0,996.0,19.9,,,,,,,,,,
,409.42,840,1056.0,996.0,19.9,,,,,,,,,,
,409.78,819,1056.0,996.0,19.9,,,,,,,,,,
,410.15,819,1056.0,996.0,19.9,,,,,,,,,,
,410.54,840,1056.0,996.0,19.9,,,,,,,,,,
,410.91,819,1056.0,996.0,19.9,,,,,,,,,,
,411.27,819,1056.0,996.0,19.9,,,,,,,,,,
,411.63,819,1056.0,996.0,19.9,,,,,,,,,,
,412.00,819,1056.0,996.0,19.9,,,,,,,,,,
,412.38,840,1044.0,996.0,19.9,,,,,,,,,,
,412.76,840,1044.0,996.0,19.9,,,,,,,,,,
,413.11,840,1044.0,996.0,19.9,,,,,,,,,,
,413.48,819,1056.0,996.0,19.9,,,,,,,,,,
,413.86,840,1056.0,996.0,19.9,,,,,,,,,,
,414.25,798,1068.0,996.0,19.9,,,,,,,,,,
,414.61,840,1056.0,996.0,19.9,,,,,,,,,,
,414.98,819,1056.0,996.0,19.9,,,,,,,,,,
,415.35,819,1056.0,996.0,19.9,,,,,,,,,,
,415.73,798,1068.0,996.0,19.9,,,,,,,,,,
,416.11,840,1044.0,996.0,19.9,,,,,,,,,,
,416.46,840,1044.0,996.0,19.9,,,,,,,,,,
,416.81,840,1044.0,996.0,19.9,,,,,,,,,,
,417.18,819,1056.0,996.0,19.9,,,,,,,,,,
,417.56,819,1056.0,996.0,19.9,,,,,,,,,,
,417.93,819,1056.0,996.0,19.9,,,,,,,,,,
,418.28,840,1044.0,996.0,19.9,,,,,,,,,,
,418.64,819,1056.0,996.0,19.9,,,,,,,,,,
,418.99,819,1056.0,996.0,19.9,,,,,,,,,,
,419.38,819,1056.0,996.0,19.9,,,,,,,,,,
,419.73,819,1056.0,996.0,19.9,,,,,,,,,,
,420.06,819,1056.0,996.0,19.9,,,,,,,,,,
,420.39,840,1056.0,996.0,19.9,,,,,,,,,,
,420.72,840,1044.0,996.0,19.9,,,,,,,,,,
,421.08,840,1044.0,996.0,19.9,,,,,,,,,,
,421.49,819,1056.0,996.0,19.9,,,,,,,,,,
,421.82,819,1056.0,996.0,19.9,,,,,,,,,,
,422.19,819,1056.0,996.0,19.9,,,,,,,,,,
,422.52,819,1056.0,996.0,19.9,,,,,,,,,,
,422.89,840,1044.0,996.0,19.9,,,,,,,,,,
,423.28,819,1044.0,996.0,19.9,,,,,,,,,,
,423.62,819,1056.0,996.0,19.9,,,,,,,,,,
,423.95,819,1056.0,996.0,19.9,,,,,,,,,,
,424.28,819,1056.0,996.0,19.9,,,,,,,,,,
,424.67,1218,1128.0,984.0,20.7,,,,,,,,,,
,425.06,1092,1188.0,1008.0,19.9,,,,,,,,,,
,425.43,1113,1200.0,1068.0,19.9,,,,,,,,,,
,425.81,1092,1212.0,1116.0,19.9,,,,,,,,,,
,426.23,1113,1272.0,1152.0,19.9,,,,,,,,,,
,426.60,1428,1344.0,1212.0,29.1,,,,,,,,,,
,426.98,1743,1488.0,1344.0,33.1,,,,,,,,,,
,427.33,2037,1548.0,1584.0,47.8,,,,,,,,,,
,427.69,1911,996.0,1584.0,38.3,,,,,,,,,,
,428.06,1470,1032.0,1332.0,32.3,,,,,,,,,,
,428.43,1281,1284.0,1248.0,30.7,,,,,,,,,,
,428.77,1365,1428.0,1308.0,29.5,,,,,,,,,,
,429.14,1512,1536.0,1416.0,36.7,,,,,,,,,,
,429.47,1659,1572.0,1584.0,42.2,,,,,,,,,,
,429.80,1785,1608.0,1752.0,51.0,,,,,,,,,,
,430.19,1911,1632.0,1896.0,57.0,,,,,,,,,,
,430.56,2058,1656.0,1884.0,57.0,,,,,,,,,,
,430.92,2184,1644.0,1836.0,56.2,,,,,,,,,,
,431.25,2310,1632.0,1812.0,59.0,,,,,,,,,,
,431.59,2436,1620.0,1800.0,61.0,,,,,,,,,,
,431.97,2541,1596.0,1776.0,63.0,,,,,,,,,,
,432.34,2268,1008.0,1536.0,41.8,,,,,,,,,,
,432.66,1764,1212.0,1332.0,37.9,,,,,,,,,,
,433.02,1722,1632.0,1380.0,31.5,,,,,,,,,,
,433.37,1785,1632.0,1596.0,42.2,,,,,,,,,,
,433.75,1848,1596.0,1788.0,54.6,,,,,,,,,,
,434.14,1911,1500.0,1800.0,55.8,,,,,,,,,,
,434.53,1974,1524.0,1632.0,48.6,,,,,,,,,,
,434.86,2016,1524.0,1548.0,46.2,,,,,,,,,,
,435.25,2079,1536.0,1500.0,43.4,,,,,,,,,,
,435.64,2142,1536.0,1512.0,45.4,,,,,,,,,,
,436.01,2205,1524.0,1548.0,48.6,,,,,,,,,,
,436.40,2247,1500.0,1596.0,52.6,,,,,,,,,,
,436.76,2268,1308.0,1584.0,63.4,,,,,,,,,,
,437.14,2310,1320.0,1440.0,51.4,,,,,,,,,,
,437.52,2331,1428.0,1368.0,45.8,,,,,,,,,,
,437.88,2394,1524.0,1500.0,49.0,,,,,,,,,,
,438.24,2436,1548.0,1644.0,57.4,,,,,,,,,,
,438.60,2478,1548.0,1716.0,59.8,,,,,,,,,,
,438.98,2541,1548.0,1692.0,60.6,,,,,,,,,,
,439.37,2604,1560.0,1668.0,60.6,,,,,,,,,,
,439.74,2436,1008.0,1524.0,43.4,,,,,,,,,,
,440.11,1995,1296.0,1320.0,39.4,,,,,,,,,,
,440.47,2016,1500.0,1392.0,39.0,,,,,,,,,,
,440.88,2037,1512.0,1596.0,50.2,,,,,,,,,,
,441.24,2079,1512.0,1680.0,52.6,,,,,,,,,,
,441.60,2100,1500.0,1668.0,53.4,,,,,,,,,,
,441.97,2142,1488.0,1632.0,51.8,,,,,,,,,,
,442.35,2163,1476.0,1584.0,50.6,,,,,,,,,,
,442.74,2142,1008.0,1476.0,39.8,,,,,,,,,,
,443.11,2142,996.0,1260.0,40.2,,,,,,,,,,
,443.47,2142,996.0,1164.0,40.2,,,,,,,,,,
,443.85,2121,996.0,1104.0,39.8,,,,,,,,,,
,444.23,2121,996.0,1080.0,39.8,,,,,,,,,,
,444.62,2100,996.0,1056.0,39.8,,,,,,,,,,
,444.99,2100,996.0,1044.0,39.4,,,,,,,,,,
,445.35,2079,996.0,1044.0,39.4,,,,,,,,,,
,445.73,2058,996.0,1032.0,39.4,,,,,,,,,,
,446.12,2058,996.0,1032.0,39.0,,,,,,,,,,
,446.51,2037,996.0,1032.0,39.0,,,,,,,,,,
,446.86,2037,996.0,1020.0,39.0,,,,,,,,,,
,447.22,2016,996.0,1020.0,38.6,,,,,,,,,,
,447.62,2016,1008.0,1020.0,38.6,,,,,,,,,,
,448.01,2037,1224.0,1020.0,38.6,,,,,,,,,,
,448.39,2016,1236.0,1020.0,38.6,,,,,,,,,,
,448.75,2016,1272.0,1020.0,39.0,,,,,,,,,,
,449.11,2016,1272.0,1068.0,39.4,,,,,,,,,,
,449.49,2016,1272.0,1104.0,39.4,,,,,,,,,,
,449.88,2037,1272.0,1140.0,39.4,,,,,,,,,,
,450.25,2037,1488.0,1200.0,30.7,,,,,,,,,,
,450.60,2058,1500.0,1500.0,45.0,,,,,,,,,,
,450.94,2058,1488.0,1644.0,51.8,,,,,,,,,,
,451.33,2100,1488.0,1692.0,54.2,,,,,,,,,,
,451.74,2100,1488.0,1692.0,54.6,,,,,,,,,,
,452.07,2142,1476.0,1644.0,54.2,,,,,,,,,,
,452.42,2163,1476.0,1596.0,52.2,,,,,,,,,,
,452.75,2163,1476.0,1548.0,51.0,,,,,,,,,,
,453.14,2205,1476.0,1524.0,50.2,,,,,,,,,,
,453.53,2205,1464.0,1500.0,50.6,,,,,,,,,,
,453.87,2247,1464.0,1488.0,49.8,,,,,,,,,,
,454.23,2184,1032.0,1452.0,40.6,,,,,,,,,,
,454.59,2205,1008.0,1284.0,41.0,,,,,,,,,,
,454.98,2205,1008.0,1164.0,41.0,,,,,,,,,,
,455.33,2184,1008.0,1116.0,40.6,,,,,,,,,,
,455.71,2163,996.0,1080.0,40.2,,,,,,,,,,
,456.04,2163,996.0,1068.0,40.2,,,,,,,,,,
,456.42,2142,996.0,1056.0,40.2,,,,,,,,,,
,456.79,2079,996.0,1044.0,39.4,,,,,,,,,,
,457.14,1995,996.0,1032.0,38.3,,,,,,,,,,
,457.46,1911,996.0,1032.0,37.9,,,,,,,,,,
,457.82,1848,996.0,1032.0,36.7,,,,,,,,,,
,458.21,1785,996.0,1020.0,36.3,,,,,,,,,,
,458.60,1764,996.0,1020.0,35.5,,,,,,,,,,
,458.94,1743,996.0,1020.0,35.1,,,,,,,,,,
,459.27,1722,996.0,1008.0,35.1,,,,,,,,,,
,459.61,1722,996.0,1008.0,35.1,,,,,,,,,,
,460.01,1701,996.0,1008.0,34.7,,,,,,,,,,
,460.38,1701,1080.0,1008.0,34.7,,,,,,,,,,
,460.72,1680,1080.0,1008.0,34.7,,,,,,,,,,
,461.05,1680,1080.0,1008.0,34.7,,,,,,,,,,
,461.39,1680,996.0,1008.0,34.3,,,,,,,,,,
,461.76,1659,996.0,996.0,34.3,,,,,,,,,,
,462.14,1638,996.0,996.0,33.9,,,,,,,,,,
,462.47,1596,996.0,1008.0,33.5,,,,,,,,,,
,462.78,1575,996.0,996.0,33.1,,,,,,,,,,
,463.12,1533,996.0,1008.0,32.3,,,,,,,,,,
,463.55,1491,996.0,1008.0,31.5,,,,,,,,,,
,463.92,1449,996.0,1008.0,30.3,,,,,,,,,,
,464.27,1407,996.0,996.0,29.9,,,,,,,,,,
,464.59,1071,996.0,1008.0,19.9,,,,,,,,,,
,464.92,819,1092.0,1008.0,19.9,,,,,,,,,,
,465.29,882,1056.0,996.0,19.9,,,,,,,,,,
,465.67,882,1056.0,996.0,19.9,,,,,,,,,,
,466.01,861,1056.0,996.0,19.9,,,,,,,,,,
,466.33,882,1056.0,996.0,19.9,,,,,,,,,,
,466.66,861,1056.0,996.0,19.9,,,,,,,,,,
,467.04,882,1056.0,996.0,19.9,,,,,,,,,,
,467.42,861,1056.0,996.0,19.9,,,,,,,,,,
,467.75,861,1056.0,1008.0,19.9,,,,,,,,,,
,468.10,861,1056.0,996.0,19.9,,,,,,,,,,
,468.44,861,1056.0,996.0,19.9,,,,,,,,,,
,468.82,1407,1092.0,996.0,22.7,,,,,,,,,,
,469.21,1680,1092.0,1020.0,34.7,,,,,,,,,,
,469.56,1680,1104.0,1032.0,34.7,,,,,,,,,,
,469.93,1680,996.0,1032.0,34.7,,,,,,,,,,
,470.32,1659,996.0,1032.0,34.3,,,,,,,,,,
,470.71,1617,996.0,1020.0,33.9,,,,,,,,,,
,471.07,1596,996.0,1020.0,33.5,,,,,,,,,,
,471.44,1554,996.0,1020.0,32.7,,,,,,,,,,
,471.82,1533,1032.0,1008.0,33.1,,,,,,,,,,
,472.20,1554,1140.0,1008.0,32.7,,,,,,,,,,
,472.59,1554,1176.0,1008.0,33.1,,,,,,,,,,
,472.95,1554,1212.0,1032.0,33.9,,,,,,,,,,
,473.31,1596,1344.0,1104.0,21.5,,,,,,,,,,
,473.67,1638,1380.0,1284.0,34.7,,,,,,,,,,
,474.05,1680,1416.0,1464.0,43.4,,,,,,,,,,
,474.43,1701,1416.0,1596.0,49.4,,,,,,,,,,
,474.78,1764,1428.0,1596.0,48.6,,,,,,,,,,
,475.15,1785,1416.0,1584.0,48.2,,,,,,,,,,
,475.53,1764,1008.0,1512.0,35.9,,,,,,,,,,
,475.92,1806,1080.0,1284.0,35.9,,,,,,,,,,
,476.28,1785,1128.0,1164.0,35.5,,,,,,,,,,
,476.65,1785,1236.0,1176.0,36.7,,,,,,,,,,
,477.01,1785,1236.0,1260.0,36.7,,,,,,,,,,
,477.40,1806,1236.0,1224.0,36.7,,,,,,,,,,
,477.79,1764,1008.0,1176.0,35.9,,,,,,,,,,
,478.14,1806,1080.0,1116.0,35.9,,,,,,,,,,
,478.52,1764,1104.0,1080.0,35.5,,,,,,,,,,
,478.87,1785,1200.0,1092.0,36.3,,,,,,,,,,
,479.26,1785,1200.0,1212.0,35.9,,,,,,,,,,
,479.64,1764,996.0,1212.0,35.5,,,,,,,,,,
,480.00,1743,996.0,1128.0,35.5,,,,,,,,,,
,480.35,1722,996.0,1080.0,35.1,,,,,,,,,,
,480.72,1722,996.0,1056.0,34.7,,,,,,,,,,
,481.11,1680,996.0,1032.0,34.7,,,,,,,,,,
,481.51,1659,996.0,1032.0,34.3,,,,,,,,,,
,481.87,1617,996.0,1020.0,33.9,,,,,,,,,,
,482.24,1617,996.0,1020.0,33.5,,,,,,,,,,
,482.63,1575,996.0,1008.0,33.5,,,,,,,,,,
,483.01,1575,1104.0,1008.0,33.1,,,,,,,,,,
,483.38,1575,1116.0,1008.0,33.1,,,,,,,,,,
,483.73,1533,1104.0,996.0,32.3,,,,,,,,,,
,484.11,1533,996.0,996.0,32.3,,,,,,,,,,
,484.48,1512,996.0,996.0,31.9,,,,,,,,,,
,484.87,1491,996.0,996.0,31.5,,,,,,,,,,
,485.23,1449,1068.0,984.0,31.1,,,,,,,,,,
,485.59,1512,1224.0,1008.0,19.9,,,,,,,,,,
,485.91,1470,1248.0,1116.0,25.9,,,,,,,,,,
,486.29,1491,1248.0,1224.0,32.7,,,,,,,,,,
,486.68,1533,1332.0,1248.0,31.1,,,,,,,,,,
,487.04,1554,1380.0,1380.0,39.0,,,,,,,,,,
,487.38,1596,1404.0,1512.0,45.4,,,,,,,,,,
,487.71,1554,1020.0,1524.0,32.7,,,,,,,,,,
,488.10,1596,996.0,1296.0,33.5,,,,,,,,,,
,488.50,1575,996.0,1164.0,33.1,,,,,,,,,,
,488.83,1533,996.0,1092.0,32.7,,,,,,,,,,
,489.16,1533,996.0,1056.0,32.3,,,,,,,,,,
,489.49,1491,996.0,1044.0,32.3,,,,,,,,,,
,489.86,1491,996.0,1032.0,31.5,,,,,,,,,,
,490.24,1554,1248.0,1008.0,20.3,,,,,,,,,,
,490.56,1512,1284.0,1068.0,21.9,,,,,,,,,,
,490.88,1512,1284.0,1200.0,32.7,,,,,,,,,,
,491.22,1554,1296.0,1260.0,34.3,,,,,,,,,,
,491.60,1596,1356.0,1296.0,32.7,,,,,,,,,,
,491.99,1617,1380.0,1452.0,42.2,,,,,,,,,,
,492.32,1680,1392.0,1572.0,48.6,,,,,,,,,,
,492.65,1701,1380.0,1560.0,47.8,,,,,,,,,,
,492.97,1680,1092.0,1524.0,46.2,,,,,,,,,,
,493.36,1701,996.0,1356.0,34.7,,,,,,,,,,
,493.71,1701,996.0,1200.0,34.7,,,,,,,,,,
,494.03,1659,996.0,1116.0,34.3,,,,,,,,,,
,494.40,1659,1128.0,1080.0,34.3,,,,,,,,,,
,494.72,1659,1116.0,1056.0,34.3,,,,,,,,,,
,495.12,1638,1128.0,1032.0,34.3,,,,,,,,,,
,495.51,1638,1128.0,1032.0,33.9,,,,,,,,,,
,495.84,1617,996.0,1020.0,33.1,,,,,,,,,,
,496.17,1596,996.0,1008.0,33.9,,,,,,,,,,
,496.50,1575,996.0,1008.0,33.5,,,,,,,,,,
,496.85,1554,996.0,1008.0,33.1,,,,,,,,,,
,497.24,1554,996.0,1008.0,32.7,,,,,,,,,,
,497.58,1533,996.0,1008.0,32.3,,,,,,,,,,
,497.91,1491,996.0,1008.0,31.9,,,,,,,,,,
,498.24,1491,996.0,1008.0,31.5,,,,,,,,,,
,498.60,1470,996.0,996.0,31.1,,,,,,,,,,
,498.99,1449,1092.0,996.0,31.1,,,,,,,,,,
,499.32,1428,1092.0,996.0,30.3,,,,,,,,,,
,499.65,1449,1116.0,996.0,30.7,,,,,,,,,,
,499.98,1428,1128.0,1008.0,29.9,,,,,,,,,,
,500.38,1428,1104.0,1008.0,29.9,,,,,,,,,,
,500.75,1407,996.0,1008.0,29.5,,,,,,,,,,
,501.12,1386,1080.0,996.0,29.1,,,,,,,,,,
,501.47,1386,1080.0,1044.0,28.7,,,,,,,,,,
,501.80,1386,1116.0,1092.0,28.7,,,,,,,,,,
,502.19,1386,1212.0,1104.0,19.9,,,,,,,,,,
,502.56,1407,1248.0,1188.0,28.7,,,,,,,,,,
,502.94,1449,1272.0,1260.0,33.9,,,,,,,,,,
,503.30,1470,1284.0,1356.0,37.9,,,,,,,,,,
,503.67,1491,1104.0,1344.0,43.4,,,,,,,,,,
,504.06,1491,996.0,1236.0,31.5,,,,,,,,,,
,504.42,1470,996.0,1128.0,31.5,,,,,,,,,,
,504.78,1449,996.0,1080.0,30.7,,,,,,,,,,
,505.15,1428,1044.0,1044.0,29.9,,,,,,,,,,
,505.53,1407,1116.0,1032.0,29.9,,,,,,,,,,
,505.92,1428,1164.0,1020.0,30.3,,,,,,,,,,
,506.29,1428,1200.0,1032.0,19.9,,,,,,,,,,
,506.65,1428,1212.0,1068.0,22.3,,,,,,,,,,
,507.02,1470,1236.0,1104.0,24.3,,,,,,,,,,
,507.39,1491,1236.0,1164.0,29.5,,,,,,,,,,
,507.77,1470,1152.0,1284.0,39.0,,,,,,,,,,
,508.13,1491,996.0,1200.0,31.5,,,,,,,,,,
,508.49,1470,996.0,1116.0,30.7,,,,,,,,,,
,508.86,1470,1140.0,1080.0,30.7,,,,,,,,,,
,509.24,1470,1236.0,1152.0,30.7,,,,,,,,,,
,509.61,1470,1296.0,1224.0,32.7,,,,,,,,,,
,509.98,1470,1104.0,1332.0,31.1,,,,,,,,,,
,510.34,1470,996.0,1200.0,31.1,,,,,,,,,,
,510.72,1470,996.0,1128.0,31.1,,,,,,,,,,
,511.11,1449,1128.0,1056.0,30.7,,,,,,,,,,
,511.50,1449,1140.0,1140.0,30.3,,,,,,,,,,
,511.85,1449,1128.0,1176.0,30.7,,,,,,,,,,
,512.21,1449,1128.0,1128.0,30.3,,,,,,,,,,
,512.61,1407,996.0,1080.0,29.9,,,,,,,,,,
,513.00,1428,996.0,1044.0,29.9,,,,,,,,,,
,513.37,1407,996.0,1032.0,29.1,,,,,,,,,,
,513.73,1470,1212.0,1008.0,19.9,,,,,,,,,,
,514.09,1407,1236.0,1116.0,23.5,,,,,,,,,,
,514.48,1449,1236.0,1224.0,33.1,,,,,,,,,,
,514.86,1470,1284.0,1212.0,29.9,,,,,,,,,,
,515.22,1512,1344.0,1320.0,37.9,,,,,,,,,,
,515.58,1533,1368.0,1452.0,43.4,,,,,,,,,,
,515.94,1596,1392.0,1488.0,43.8,,,,,,,,,,
,516.32,1638,1428.0,1524.0,43.0,,,,,,,,,,
,516.69,1680,1416.0,1548.0,45.8,,,,,,,,,,
,517.04,1722,1428.0,1536.0,45.4,,,,,,,,,,
,517.40,1764,1428.0,1512.0,45.0,,,,,,,,,,
,517.79,1806,1428.0,1500.0,45.0,,,,,,,,,,
,518.17,1827,1404.0,1500.0,46.6,,,,,,,,,,
,518.52,1890,1644.0,1476.0,27.5,,,,,,,,,,
,518.86,1953,2256.0,1716.0,36.7,,,,,,,,,,
,519.20,2016,1488.0,2196.0,57.0,,,,,,,,,,
,519.58,1995,996.0,1824.0,38.6,,,,,,,,,,
,519.95,1995,996.0,1416.0,38.3,,,,,,,,,,
,520.29,1953,996.0,1236.0,38.3,,,,,,,,,,
,520.62,1932,996.0,1152.0,37.9,,,,,,,,,,
,520.94,1890,996.0,1104.0,37.5,,,,,,,,,,
,521.31,1869,996.0,1068.0,37.1,,,,,,,,,,
,521.69,1848,996.0,1056.0,36.7,,,,,,,,,,
,522.04,1827,996.0,1044.0,36.3,,,,,,,,,,
,522.37,1785,996.0,1032.0,35.9,,,,,,,,,,
,522.70,1764,996.0,1020.0,35.5,,,,,,,,,,
,523.04,1743,1032.0,1020.0,35.1,,,,,,,,,,
,523.41,1743,1260.0,1020.0,25.5,,,,,,,,,,
,523.75,1680,1020.0,1008.0,35.1,,,,,,,,,,
,524.09,1701,996.0,1032.0,34.7,,,,,,,,,,
,524.41,1680,996.0,1032.0,34.3,,,,,,,,,,
,524.76,1659,1032.0,1032.0,34.3,,,,,,,,,,
,525.11,1659,1104.0,1020.0,34.3,,,,,,,,,,
,525.45,1638,1116.0,1020.0,34.3,,,,,,,,,,
,525.78,1659,1200.0,1020.0,34.3,,,,,,,,,,
,526.12,1680,1296.0,1020.0,23.5,,,,,,,,,,
,526.48,1680,1308.0,1164.0,29.5,,,,,,,,,,
,526.85,1638,1104.0,1320.0,34.3,,,,,,,,,,
,527.23,1701,1092.0,1332.0,34.7,,,,,,,,,,
,527.56,1680,1140.0,1236.0,34.7,,,,,,,,,,
,527.89,1680,1140.0,1152.0,34.3,,,,,,,,,,
,528.24,1680,1140.0,1104.0,34.3,,,,,,,,,,
,528.63,1659,1140.0,1068.0,34.3,,,,,,,,,,
,529.00,1659,1164.0,1044.0,34.3,,,,,,,,,,
,529.32,1638,1188.0,1032.0,34.7,,,,,,,,,,
,529.65,1659,1224.0,1020.0,35.1,,,,,,,,,,
,530.02,1659,1224.0,1068.0,35.5,,,,,,,,,,
,530.39,1680,1236.0,1116.0,27.5,,,,,,,,,,
,530.74,1701,1248.0,1164.0,30.3,,,,,,,,,,
,531.07,1701,1272.0,1176.0,30.7,,,,,,,,,,
,531.41,1722,1272.0,1284.0,37.9,,,,,,,,,,
,531.80,1722,1272.0,1404.0,45.0,,,,,,,,,,
,532.17,1764,1272.0,1308.0,38.6,,,,,,,,,,
,532.51,1764,1260.0,1260.0,36.7,,,,,,,,,,
,532.84,1785,1260.0,1248.0,35.9,,,,,,,,,,
,533.16,1785,1260.0,1236.0,35.1,,,,,,,,,,
,533.52,1806,1260.0,1236.0,34.7,,,,,,,,,,
,533.90,1806,1260.0,1224.0,35.1,,,,,,,,,,
,534.26,1806,1260.0,1236.0,34.3,,,,,,,,,,
,534.58,1827,1260.0,1236.0,34.7,,,,,,,,,,
,534.92,1827,1260.0,1236.0,34.7,,,,,,,,,,
,535.32,1827,1260.0,1224.0,34.7,,,,,,,,,,
,535.68,1848,1248.0,1236.0,35.9,,,,,,,,,,
,536.04,1848,1224.0,1224.0,37.1,,,,,,,,,,
,536.39,1848,1212.0,1200.0,37.1,,,,,,,,,,
,536.75,1848,1188.0,1176.0,36.7,,,,,,,,,,
,537.14,1848,1140.0,1140.0,36.7,,,,,,,,,,
,537.52,1848,1140.0,1104.0,36.7,,,,,,,,,,
,537.88,1848,1152.0,1080.0,36.3,,,,,,,,,,
,538.23,1827,1212.0,1056.0,36.3,,,,,,,,,,
,538.60,1848,1368.0,1068.0,27.1,,,,,,,,,,
,538.97,1869,1368.0,1308.0,39.4,,,,,,,,,,
,539.35,1890,1368.0,1416.0,43.0,,,,,,,,,,
,539.71,1911,1368.0,1476.0,45.4,,,,,,,,,,
,540.08,1932,1416.0,1500.0,45.0,,,,,,,,,,
,540.46,1974,1392.0,1704.0,59.8,,,,,,,,,,
,540.86,1995,1332.0,1656.0,55.8,,,,,,,,,,
,541.24,2037,1296.0,1440.0,47.8,,,,,,,,,,
,541.62,1974,996.0,1308.0,37.9,,,,,,,,,,
,541.98,1995,1116.0,1176.0,38.6,,,,,,,,,,
,542.36,2037,1308.0,1116.0,30.7,,,,,,,,,,
,542.75,2016,1308.0,1236.0,35.1,,,,,,,,,,
,543.13,2016,1296.0,1392.0,46.2,,,,,,,,,,
,543.49,1995,1008.0,1320.0,38.6,,,,,,,,,,
,543.85,1974,996.0,1200.0,38.3,,,,,,,,,,
,544.23,1890,996.0,1128.0,37.5,,,,,,,,,,
,544.60,1806,996.0,1092.0,36.3,,,,,,,,,,
,544.96,1785,996.0,1056.0,35.9,,,,,,,,,,
,545.32,1764,996.0,1044.0,35.5,,,,,,,,,,
,545.68,1743,996.0,1032.0,35.5,,,,,,,,,,
,546.12,1743,1260.0,1032.0,35.9,,,,,,,,,,
,546.51,1743,1296.0,1116.0,26.3,,,,,,,,,,
,546.87,1785,1668.0,1260.0,25.1,,,,,,,,,,
,547.23,1827,1884.0,1536.0,33.5,,,,,,,,,,
,547.62,1890,1848.0,1860.0,46.6,,,,,,,,,,
,548.02,1974,1884.0,2124.0,56.6,,,,,,,,,,
,548.37,2037,1548.0,2136.0,68.1,,,,,,,,,,
,548.73,2100,1440.0,1656.0,51.8,,,,,,,,,,
,549.30,2163,1416.0,1452.0,47.8,,,,,,,,,,
,549.71,2184,1344.0,1368.0,47.8,,,,,,,,,,
,550.08,2184,1308.0,1296.0,43.0,,,,,,,,,,
,550.45,2016,996.0,1200.0,39.4,,,,,,,,,,
,550.81,1722,1188.0,1116.0,35.5,,,,,,,,,,
,551.22,1659,1188.0,1164.0,34.7,,,,,,,,,,
,551.59,1659,1152.0,1212.0,34.3,,,,,,,,,,
,551.95,1659,1152.0,1140.0,34.3,,,,,,,,,,
,552.30,1659,1140.0,1092.0,34.3,,,,,,,,,,
,552.68,1638,1152.0,1068.0,34.3,,,,,,,,,,
,553.06,1638,1152.0,1044.0,34.3,,,,,,,,,,
,553.42,1638,1152.0,1032.0,34.3,,,,,,,,,,
,553.76,1638,1140.0,1032.0,33.9,,,,,,,,,,
,554.11,1638,1116.0,1020.0,33.9,,,,,,,,,,
,554.47,1638,1056.0,1008.0,33.5,,,,,,,,,,
,554.84,1617,1056.0,1008.0,33.9,,,,,,,,,,
,555.23,1596,1056.0,1008.0,33.5,,,,,,,,,,
,555.55,1617,1056.0,1008.0,33.5,,,,,,,,,,
,555.88,1596,1104.0,1008.0,33.1,,,,,,,,,,
,556.25,1596,1128.0,996.0,33.5,,,,,,,,,,
,556.62,1596,1176.0,996.0,33.5,,,,,,,,,,
,556.98,1575,1176.0,996.0,33.5,,,,,,,,,,
,557.32,1575,1164.0,1020.0,33.5,,,,,,,,,,
,557.65,1596,1176.0,1044.0,33.5,,,,,,,,,,
,558.04,1575,1176.0,1056.0,33.5,,,,,,,,,,
,558.44,1596,1176.0,1068.0,33.5,,,,,,,,,,
,558.76,1596,1176.0,1080.0,33.5,,,,,,,,,,
,559.09,1596,1176.0,1080.0,33.5,,,,,,,,,,
,559.43,1596,1176.0,1080.0,33.5,,,,,,,,,,
,559.79,1596,1176.0,1068.0,33.5,,,,,,,,,,
,560.17,1596,1176.0,1068.0,33.9,,,,,,,,,,
,560.52,1596,1200.0,1068.0,33.9,,,,,,,,,,
,560.85,1596,1200.0,1068.0,34.3,,,,,,,,,,
,561.18,1617,1200.0,1080.0,34.3,,,,,,,,,,
,561.55,1596,1200.0,1092.0,34.3,,,,,,,,,,
,561.94,1617,1188.0,1104.0,34.3,,,,,,,,,,
,562.29,1617,1188.0,1116.0,33.9,,,,,,,,,,
,562.62,1617,1188.0,1116.0,34.3,,,,,,,,,,
,562.96,1617,1188.0,1104.0,34.3,,,,,,,,,,
,563.32,1638,1188.0,1104.0,34.3,,,,,,,,,,
,563.71,1638,1188.0,1092.0,34.3,,,,,,,,,,
,564.05,1638,1188.0,1092.0,34.3,,,,,,,,,,
,564.42,1638,1188.0,1092.0,34.3,,,,,,,,,,
,564.75,1638,1188.0,1092.0,34.3,,,,,,,,,,
,565.13,1638,1188.0,1080.0,34.3,,,,,,,,,,
,565.51,1638,1188.0,1092.0,34.7,,,,,,,,,,
,565.86,1638,1188.0,1092.0,34.7,,,,,,,,,,
,566.18,1659,1188.0,1092.0,34.7,,,,,,,,,,
,566.52,1659,1188.0,1092.0,34.7,,,,,,,,,,
,566.89,1659,1188.0,1092.0,34.7,,,,,,,,,,
,567.27,1638,1188.0,1080.0,34.7,,,,,,,,,,
,567.59,1659,1188.0,1080.0,34.7,,,,,,,,,,
,567.95,1659,1188.0,1080.0,34.3,,,,,,,,,,
,568.27,1617,1008.0,1080.0,34.3,,,,,,,,,,
,568.64,1638,996.0,1068.0,33.9,,,,,,,,,,
,569.01,1617,996.0,1044.0,33.9,,,,,,,,,,
,569.34,1596,996.0,1032.0,33.9,,,,,,,,,,
,569.67,1596,1116.0,1032.0,33.5,,,,,,,,,,
,570.01,1596,1128.0,1020.0,33.5,,,,,,,,,,
,570.39,1596,1128.0,1020.0,33.5,,,,,,,,,,
,570.78,1575,1128.0,1008.0,33.1,,,,,,,,,,
,571.14,1575,1128.0,1008.0,33.1,,,,,,,,,,
,571.50,1575,1128.0,1008.0,33.1,,,,,,,,,,
,571.87,1554,1116.0,1008.0,32.7,,,,,,,,,,
,572.26,1554,1116.0,1008.0,32.7,,,,,,,,,,
,572.64,1554,1116.0,1008.0,32.7,,,,,,,,,,
,573.01,1533,1140.0,1008.0,32.7,,,,,,,,,,
,573.37,1533,1140.0,996.0,32.7,,,,,,,,,,
,573.75,1533,1152.0,1008.0,32.3,,,,,,,,,,
,574.14,1533,1152.0,1008.0,32.7,,,,,,,,,,
,574.51,1512,1140.0,1020.0,32.3,,,,,,,,,,
,574.87,1533,1152.0,1032.0,32.3,,,,,,,,,,
,575.24,1533,1140.0,1032.0,32.3,,,,,,,,,,
,575.62,1533,1140.0,1044.0,32.3,,,,,,,,,,
,576.01,1512,1140.0,1044.0,32.3,,,,,,,,,,
,576.40,1512,1140.0,1044.0,32.3,,,,,,,,,,
,576.77,1512,1128.0,1044.0,32.3,,,,,,,,,,
,577.13,1491,996.0,1032.0,31.5,,,,,,,,,,
,577.50,1491,996.0,1032.0,31.5,,,,,,,,,,
,577.87,1470,996.0,1020.0,31.1,,,,,,,,,,
,578.22,1449,996.0,1020.0,30.7,,,,,,,,,,
,578.58,1428,996.0,1008.0,30.3,,,,,,,,,,
,578.99,1428,996.0,1008.0,29.5,,,,,,,,,,
,579.38,1407,1116.0,1008.0,29.5,,,,,,,,,,
,579.77,1407,1212.0,996.0,19.9,,,,,,,,,,
,580.14,1407,1248.0,1080.0,21.9,,,,,,,,,,
,580.50,1428,1248.0,1176.0,27.9,,,,,,,,,,
,580.89,1449,1248.0,1224.0,31.1,,,,,,,,,,
,581.28,1449,1248.0,1224.0,31.5,,,,,,,,,,
,581.64,1470,1248.0,1224.0,31.9,,,,,,,,,,
,582.00,1470,1248.0,1224.0,31.9,,,,,,,,,,
,582.37,1491,1248.0,1224.0,32.3,,,,,,,,,,
,582.75,1491,1224.0,1212.0,33.5,,,,,,,,,,
,583.14,1512,1224.0,1212.0,31.9,,,,,,,,,,
,583.51,1491,1116.0,1188.0,31.1,,,,,,,,,,
,583.91,1491,1008.0,1140.0,31.5,,,,,,,,,,
,584.29,1491,1080.0,1116.0,31.5,,,,,,,,,,
,584.68,1533,1164.0,1152.0,32.3,,,,,,,,,,
,585.03,1491,1188.0,1212.0,32.3,,,,,,,,,,
,585.39,1491,1200.0,1248.0,37.5,,,,,,,,,,
,585.75,1512,1212.0,1188.0,31.1,,,,,,,,,,
,586.13,1512,1224.0,1200.0,31.1,,,,,,,,,,
,586.54,1470,996.0,1284.0,31.9,,,,,,,,,,
,586.89,1512,996.0,1176.0,31.9,,,,,,,,,,
,587.24,1491,996.0,1104.0,31.5,,,,,,,,,,
,587.58,1512,1128.0,1068.0,31.9,,,,,,,,,,
,587.96,1491,1128.0,1044.0,31.5,,,,,,,,,,
,588.34,1470,1128.0,1032.0,31.1,,,,,,,,,,
,588.70,1470,1128.0,1020.0,31.1,,,,,,,,,,
,589.05,1470,1128.0,1020.0,31.1,,,,,,,,,,
,589.37,1470,1128.0,1020.0,31.1,,,,,,,,,,
,589.75,1470,1128.0,1032.0,31.5,,,,,,,,,,
,590.14,1470,996.0,1032.0,31.1,,,,,,,,,,
,590.46,1449,996.0,1032.0,30.7,,,,,,,,,,
,590.79,1428,996.0,1020.0,29.9,,,,,,,,,,
,591.12,1428,996.0,1020.0,29.9,,,,,,,,,,
,591.49,1407,996.0,1020.0,29.5,,,,,,,,,,
,591.87,1407,996.0,1020.0,29.1,,,,,,,,,,
,592.19,1365,996.0,1008.0,28.7,,,,,,,,,,
,592.51,1344,996.0,1008.0,27.5,,,,,,,,,,
,592.83,1302,996.0,1008.0,26.3,,,,,,,,,,
,593.20,1092,996.0,1008.0,20.7,,,,,,,,,,
,593.59,861,1068.0,1008.0,19.9,,,,,,,,,,
,593.91,882,1056.0,1008.0,19.9,,,,,,,,,,
,594.24,882,1056.0,1008.0,19.9,,,,,,,,,,
,594.57,861,1056.0,996.0,19.9,,,,,,,,,,
,594.96,861,1068.0,996.0,19.9,,,,,,,,,,
,595.37,861,1056.0,996.0,19.9,,,,,,,,,,
,595.69,861,1056.0,996.0,19.9,,,,,,,,,,
,596.03,861,1056.0,996.0,19.9,,,,,,,,,,
,596.35,861,1056.0,996.0,19.9,,,,,,,,,,
,596.73,861,1056.0,996.0,19.9,,,,,,,,,,
,597.11,861,1056.0,996.0,19.9,,,,,,,,,,
,597.44,861,1056.0,996.0,19.9,,,,,,,,,,
,597.79,861,1056.0,996.0,19.9,,,,,,,,,,
,598.12,861,1056.0,996.0,19.9,,,,,,,,,,
,598.49,861,1056.0,996.0,19.9,,,,,,,,,,
,598.88,861,1056.0,996.0,19.9,,,,,,,,,,
,599.20,861,1056.0,996.0,19.9,,,,,,,,,,
,599.53,861,1056.0,996.0,19.9,,,,,,,,,,
,599.85,861,1056.0,996.0,19.9,,,,,,,,,,
,600.22,861,1056.0,996.0,19.9,,,,,,,,,,
,600.61,861,1056.0,996.0,19.9,,,,,,,,,,
,600.93,861,1056.0,996.0,19.9,,,,,,,,,,
,601.26,861,1056.0,996.0,19.9,,,,,,,,,,
,601.62,903,1104.0,996.0,19.9,,,,,,,,,,
,602.00,987,1104.0,996.0,19.9,,,,,,,,,,
,602.37,987,1104.0,1008.0,19.9,,,,,,,,,,
,602.71,966,1104.0,1008.0,19.9,,,,,,,,,,
,603.04,840,1056.0,1008.0,19.9,,,,,,,,,,
,603.39,840,1056.0,1008.0,19.9,,,,,,,,,,
,603.78,840,1056.0,1008.0,19.9,,,,,,,,,,
,604.17,840,1044.0,1008.0,19.9,,,,,,,,,,
,604.51,840,1056.0,996.0,19.9,,,,,,,,,,
,604.85,840,1056.0,996.0,19.9,,,,,,,,,,
,605.20,840,1056.0,996.0,19.9,,,,,,,,,,
,605.59,819,1056.0,996.0,19.9,,,,,,,,,,
,605.97,840,1044.0,996.0,19.9,,,,,,,,,,
,606.37,819,1056.0,996.0,19.9,,,,,,,,,,
,606.73,819,1056.0,996.0,19.9,,,,,,,,,,
,607.11,840,1044.0,996.0,19.9,,,,,,,,,,
,607.50,840,1044.0,996.0,19.9,,,,,,,,,,
,607.86,840,1056.0,996.0,19.9,,,,,,,,,,
,608.22,840,1044.0,996.0,19.9,,,,,,,,,,
,608.60,882,1164.0,996.0,19.9,,,,,,,,,,
,608.99,1281,1116.0,1008.0,23.9,,,,,,,,,,
,609.37,1239,1116.0,1020.0,23.1,,,,,,,,,,
,609.73,1092,1140.0,1044.0,19.9,,,,,,,,,,
,610.10,1113,1140.0,1092.0,19.9,,,,,,,,,,
,610.46,1092,1140.0,1092.0,19.9,,,,,,,,,,
,610.84,987,996.0,1080.0,19.9,,,,,,,,,,
,611.23,840,1044.0,1056.0,19.9,,,,,,,,,,
,611.59,840,1056.0,1032.0,19.9,,,,,,,,,,
,611.96,840,1056.0,1020.0,19.9,,,,,,,,,,
,612.32,840,1056.0,1008.0,19.9,,,,,,,,,,
,612.70,861,1056.0,1008.0,19.9,,,,,,,,,,
,613.08,861,1056.0,1008.0,19.9,,,,,,,,,,
,613.44,861,1056.0,996.0,19.9,,,,,,,,,,
,613.80,840,1056.0,996.0,19.9,,,,,,,,,,
,614.18,840,1056.0,996.0,19.9,,,,,,,,,,
,614.57,987,1176.0,996.0,19.9,,,,,,,,,,
,614.93,1239,1116.0,1008.0,23.5,,,,,,,,,,
,615.30,1071,1152.0,1044.0,19.9,,,,,,,,,,
,615.66,1071,1176.0,1092.0,19.9,,,,,,,,,,
,616.04,1029,1188.0,1116.0,19.9,,,,,,,,,,
,616.41,1050,1212.0,1140.0,19.9,,,,,,,,,,
,616.77,1197,1200.0,1164.0,19.9,,,,,,,,,,
,617.13,1428,1296.0,1176.0,26.7,,,,,,,,,,
,617.49,1680,1380.0,1284.0,32.3,,,,,,,,,,
,617.88,1974,1572.0,1500.0,38.6,,,,,,,,,,
,618.25,2226,1512.0,1800.0,64.1,,,,,,,,,,
,618.62,2352,1008.0,1728.0,42.2,,,,,,,,,,
,618.99,1995,996.0,1440.0,39.4,,,,,,,,,,
,619.38,1533,1020.0,1284.0,33.1,,,,,,,,,,
,619.76,1386,1188.0,1224.0,30.3,,,,,,,,,,
,620.12,1428,1212.0,1248.0,33.5,,,,,,,,,,
,620.49,1491,1212.0,1260.0,36.3,,,,,,,,,,
,620.85,1533,1260.0,1200.0,32.3,,,,,,,,,,
,621.23,1638,1920.0,1296.0,22.3,,,,,,,,,,
,621.62,1827,1932.0,1644.0,35.1,,,,,,,,,,
,621.98,1953,1320.0,1884.0,78.5,,,,,,,,,,
,622.34,2037,1308.0,1476.0,47.0,,,,,,,,,,
,622.69,2079,1308.0,1356.0,43.4,,,,,,,,,,
,623.07,2142,1320.0,1284.0,39.4,,,,,,,,,,
,623.44,2184,1320.0,1236.0,37.9,,,,,,,,,,
,623.77,2226,1308.0,1188.0,35.9,,,,,,,,,,
,624.09,2226,1164.0,1188.0,36.7,,,,,,,,,,
,624.43,2205,1008.0,1164.0,40.6,,,,,,,,,,
,624.80,2163,996.0,1128.0,40.6,,,,,,,,,,
,625.18,2142,996.0,1092.0,40.2,,,,,,,,,,
,625.52,2079,996.0,1068.0,39.4,,,,,,,,,,
,625.85,2037,996.0,1056.0,39.0,,,,,,,,,,
,626.18,1995,996.0,1044.0,38.6,,,,,,,,,,
,626.56,1953,996.0,1032.0,37.9,,,,,,,,,,
,626.94,1890,996.0,1032.0,37.1,,,,,,,,,,
,627.31,1806,996.0,1020.0,36.3,,,,,,,,,,
,627.66,1722,996.0,1020.0,35.1,,,,,,,,,,
,628.01,1617,996.0,1020.0,33.9,,,,,,,,,,
,628.41,1512,996.0,1008.0,32.3,,,,,,,,,,
,628.78,1407,996.0,1008.0,29.1,,,,,,,,,,
,629.17,1344,996.0,1008.0,27.5,,,,,,,,,,
,629.51,1302,1032.0,1008.0,25.5,,,,,,,,,,
,629.85,1281,1056.0,996.0,24.7,,,,,,,,,,
,630.22,1260,1092.0,984.0,23.9,,,,,,,,,,
,630.58,1260,1140.0,1032.0,24.7,,,,,,,,,,
,630.93,1281,1212.0,1104.0,20.3,,,,,,,,,,
,631.26,1365,1260.0,1176.0,25.9,,,,,,,,,,
,631.60,1449,1296.0,1248.0,31.9,,,,,,,,,,
,631.99,1533,1356.0,1344.0,37.5,,,,,,,,,,
,632.36,1638,1512.0,1476.0,35.5,,,,,,,,,,
,632.70,1764,1548.0,1656.0,48.6,,,,,,,,,,
,633.04,1848,1548.0,1824.0,57.0,,,,,,,,,,
,633.38,1953,1548.0,1812.0,54.6,,,,,,,,,,
,633.76,2058,1548.0,1728.0,53.4,,,,,,,,,,
,634.14,2163,1524.0,1644.0,52.2,,,,,,,,,,
,634.45,2037,996.0,1488.0,39.4,,,,,,,,,,
,634.79,1680,996.0,1296.0,35.9,,,,,,,,,,
,635.12,1302,1008.0,1176.0,27.9,,,,,,,,,,
,635.51,1491,1200.0,1140.0,19.9,,,,,,,,,,
,635.88,1407,1200.0,1236.0,31.5,,,,,,,,,,
,636.20,1407,1188.0,1296.0,37.5,,,,,,,,,,
,636.54,1407,1128.0,1236.0,29.5,,,,,,,,,,
,636.87,1386,1044.0,1176.0,29.1,,,,,,,,,,
,637.28,1386,996.0,1104.0,28.7,,,,,,,,,,
,637.66,1386,1116.0,1056.0,28.7,,,,,,,,,,
,637.98,1386,1212.0,1080.0,19.9,,,,,,,,,,
,638.31,1386,1236.0,1176.0,27.5,,,,,,,,,,
,638.65,1407,1224.0,1248.0,32.7,,,,,,,,,,
,639.01,1428,1224.0,1248.0,32.7,,,,,,,,,,
,639.40,1428,1212.0,1224.0,32.3,,,,,,,,,,
,639.77,1449,1224.0,1200.0,30.7,,,,,,,,,,
,640.11,1470,1236.0,1188.0,29.5,,,,,,,,,,
,640.47,1491,1236.0,1176.0,29.9,,,,,,,,,,
,640.84,1512,1224.0,1176.0,30.3,,,,,,,,,,
,641.22,1533,1236.0,1176.0,30.7,,,,,,,,,,
,641.62,1554,1224.0,1188.0,31.1,,,,,,,,,,
,641.99,1512,1032.0,1188.0,32.3,,,,,,,,,,
,642.36,1533,996.0,1128.0,32.3,,,,,,,,,,
,642.75,1512,996.0,1080.0,31.9,,,,,,,,,,
,643.13,1428,996.0,1056.0,29.9,,,,,,,,,,
,643.49,1323,996.0,1032.0,27.9,,,,,,,,,,
,643.85,1281,996.0,1020.0,25.5,,,,,,,,,,
,644.23,1302,1140.0,996.0,24.7,,,,,,,,,,
,644.62,1302,1224.0,1068.0,19.9,,,,,,,,,,
,644.98,1323,1284.0,1164.0,25.1,,,,,,,,,,
,645.35,1365,1308.0,1260.0,35.1,,,,,,,,,,
,645.71,1407,1344.0,1356.0,37.5,,,,,,,,,,
,646.11,1470,1416.0,1440.0,40.6,,,,,,,,,,
,646.48,1512,1452.0,1548.0,45.8,,,,,,,,,,
,646.85,1575,1488.0,1644.0,49.0,,,,,,,,,,
,647.21,1617,1464.0,1716.0,54.2,,,,,,,,,,
,647.60,1680,1440.0,1632.0,48.2,,,,,,,,,,
,647.98,1659,1080.0,1512.0,66.5,,,,,,,,,,
,648.35,1680,996.0,1296.0,34.7,,,,,,,,,,
,648.72,1680,996.0,1164.0,34.3,,,,,,,,,,
,649.10,1659,996.0,1104.0,34.3,,,,,,,,,,
,649.49,1617,996.0,1068.0,33.9,,,,,,,,,,
,649.86,1596,996.0,1044.0,33.5,,,,,,,,,,
,650.22,1575,996.0,1032.0,33.1,,,,,,,,,,
,650.58,1554,996.0,1020.0,32.7,,,,,,,,,,
,650.93,1512,996.0,1020.0,32.3,,,,,,,,,,
,651.31,1491,996.0,1008.0,31.9,,,,,,,,,,
,651.69,1470,996.0,1008.0,31.1,,,,,,,,,,
,652.07,1449,996.0,996.0,30.3,,,,,,,,,,
,652.43,1407,996.0,996.0,29.5,,,,,,,,,,
,652.81,1386,996.0,996.0,29.1,,,,,,,,,,
,653.19,1323,996.0,996.0,27.5,,,,,,,,,,
,653.56,1281,996.0,1008.0,25.1,,,,,,,,,,
,653.94,1008,996.0,1008.0,19.9,,,,,,,,,,
,654.30,882,1068.0,1008.0,19.9,,,,,,,,,,
,654.69,882,1056.0,1008.0,19.9,,,,,,,,,,
,655.07,861,1056.0,1008.0,19.9,,,,,,,,,,
,655.48,861,1068.0,1008.0,19.9,,,,,,,,,,
,655.85,861,1056.0,996.0,19.9,,,,,,,,,,
,656.21,861,1068.0,996.0,19.9,,,,,,,,,,
,656.59,840,1068.0,996.0,19.9,,,,,,,,,,
,656.97,861,1068.0,996.0,19.9,,,,,,,,,,
,657.31,1218,1140.0,996.0,21.9,,,,,,,,,,
,657.65,1176,1140.0,1044.0,21.9,,,,,,,,,,
,658.01,1071,1200.0,1068.0,19.9,,,,,,,,,,
,658.40,1113,1188.0,1116.0,19.9,,,,,,,,,,
,658.80,1197,1188.0,1152.0,21.5,,,,,,,,,,
,659.15,1155,1200.0,1176.0,20.7,,,,,,,,,,
,659.49,1176,1188.0,1164.0,20.7,,,,,,,,,,
,659.86,1134,1200.0,1176.0,19.9,,,,,,,,,,
,660.24,1155,1200.0,1188.0,19.9,,,,,,,,,,
,660.59,1113,1212.0,1188.0,19.9,,,,,,,,,,
,660.92,1113,1212.0,1200.0,19.9,,,,,,,,,,
,661.25,1092,1224.0,1200.0,19.9,,,,,,,,,,
,661.61,1050,1248.0,1212.0,19.9,,,,,,,,,,
,662.00,1029,1260.0,1224.0,19.9,,,,,,,,,,
,662.36,1050,1248.0,1236.0,19.9,,,,,,,,,,
,662.69,1113,1212.0,1236.0,19.9,,,,,,,,,,
,663.02,1134,1200.0,1224.0,19.9,,,,,,,,,,
,663.37,1155,1188.0,1200.0,19.9,,,,,,,,,,
,663.74,1197,1176.0,1188.0,21.9,,,,,,,,,,
,664.09,1218,1176.0,1176.0,21.9,,,,,,,,,,
,664.43,1239,1176.0,1164.0,23.1,,,,,,,,,,
,664.75,1239,1164.0,1152.0,22.3,,,,,,,,,,
,665.14,1197,996.0,1140.0,22.3,,,,,,,,,,
,665.52,1281,1092.0,1104.0,24.3,,,,,,,,,,
,665.85,1197,996.0,1140.0,22.7,,,,,,,,,,
,666.18,1218,1068.0,1104.0,22.3,,,,,,,,,,
,666.51,1239,1068.0,1116.0,23.1,,,,,,,,,,
,666.89,1218,1068.0,1140.0,22.7,,,,,,,,,,
,667.27,1218,1068.0,1092.0,22.3,,,,,,,,,,
,667.62,1218,1068.0,1056.0,22.3,,,,,,,,,,
,667.95,1218,1068.0,1032.0,21.5,,,,,,,,,,
,668.30,1197,1068.0,1020.0,21.9,,,,,,,,,,
,668.65,1197,1068.0,1020.0,22.3,,,,,,,,,,
,669.05,1176,1008.0,1008.0,21.5,,,,,,,,,,
,669.40,1176,996.0,1008.0,20.7,,,,,,,,,,
,669.73,1176,996.0,996.0,20.7,,,,,,,,,,
,670.07,1113,996.0,996.0,19.9,,,,,,,,,,
,670.44,1134,996.0,996.0,19.9,,,,,,,,,,
,670.85,1092,996.0,1008.0,19.9,,,,,,,,,,
,671.20,1050,996.0,1008.0,19.9,,,,,,,,,,
,671.52,987,1020.0,1008.0,19.9,,,,,,,,,,
,671.85,903,1044.0,1008.0,19.9,,,,,,,,,,
,672.24,861,1056.0,1008.0,19.9,,,,,,,,,,
,672.62,861,1056.0,1008.0,19.9,,,,,,,,,,
,672.97,861,1056.0,996.0,19.9,,,,,,,,,,
,673.34,861,1056.0,996.0,19.9,,,,,,,,,,
,673.68,882,1164.0,996.0,19.9,,,,,,,,,,
,674.05,966,1200.0,996.0,19.9,,,,,,,,,,
,674.43,1008,1188.0,1044.0,19.9,,,,,,,,,,
,674.78,1071,1176.0,1080.0,19.9,,,,,,,,,,
,675.14,1113,1152.0,1116.0,19.9,,,,,,,,,,
,675.51,1155,1128.0,1104.0,19.9,,,,,,,,,,
,675.90,1197,1128.0,1104.0,21.1,,,,,,,,,,
,676.27,1218,1128.0,1092.0,22.7,,,,,,,,,,
,676.63,1260,1116.0,1080.0,23.5,,,,,,,,,,
,677.00,1281,1116.0,1068.0,24.3,,,,,,,,,,
,677.38,1302,1092.0,1056.0,25.1,,,,,,,,,,
,677.77,1302,1080.0,1044.0,25.1,,,,,,,,,,
,678.13,1281,1068.0,1032.0,25.1,,,,,,,,,,
,678.48,1281,1068.0,1020.0,25.1,,,,,,,,,,
,678.84,1281,1080.0,1020.0,24.7,,,,,,,,,,
,679.23,1281,1080.0,1020.0,25.5,,,,,,,,,,
,679.60,1323,1104.0,1008.0,25.5,,,,,,,,,,
,679.96,1281,1104.0,1008.0,25.5,,,,,,,,,,
,680.30,1302,1116.0,1008.0,25.1,,,,,,,,,,
,680.66,1302,1140.0,1080.0,25.5,,,,,,,,,,
,681.06,1344,1164.0,1092.0,27.1,,,,,,,,,,
,681.44,1386,1164.0,1164.0,28.7,,,,,,,,,,
,681.81,1428,1176.0,1164.0,29.9,,,,,,,,,,
,682.17,1470,1164.0,1128.0,31.5,,,,,,,,,,
,682.53,1533,1176.0,1116.0,32.7,,,,,,,,,,
,682.92,1575,1176.0,1116.0,33.1,,,,,,,,,,
,683.29,1617,1164.0,1104.0,33.5,,,,,,,,,,
,683.65,1617,1020.0,1104.0,33.9,,,,,,,,,,
,684.01,1638,996.0,1068.0,33.9,,,,,,,,,,
,684.39,1617,996.0,1044.0,33.9,,,,,,,,,,
,684.78,1617,996.0,1032.0,33.5,,,,,,,,,,
,685.14,1596,996.0,1032.0,33.5,,,,,,,,,,
,685.50,1554,996.0,1020.0,33.1,,,,,,,,,,
,685.86,1554,996.0,1008.0,32.7,,,,,,,,,,
,686.24,1533,1008.0,1008.0,32.3,,,,,,,,,,
,686.62,1512,1044.0,1008.0,32.3,,,,,,,,,,
,686.98,1491,1044.0,1008.0,31.9,,,,,,,,,,
,687.33,1491,1044.0,1008.0,31.9,,,,,,,,,,
,687.69,1470,996.0,1008.0,31.1,,,,,,,,,,
,688.07,1449,996.0,1008.0,30.7,,,,,,,,,,
,688.44,1092,996.0,1008.0,19.9,,,,,,,,,,
,688.80,882,1068.0,1008.0,19.9,,,,,,,,,,
,689.15,882,1056.0,996.0,19.9,,,,,,,,,,
,689.51,882,1056.0,1008.0,19.9,,,,,,,,,,
,689.89,861,1056.0,996.0,19.9,,,,,,,,,,
,690.31,861,1056.0,996.0,19.9,,,,,,,,,,
,690.68,861,1056.0,996.0,19.9,,,,,,,,,,
,691.03,861,1056.0,996.0,19.9,,,,,,,,,,
,691.41,840,1068.0,996.0,19.9,,,,,,,,,,
,691.80,861,1056.0,996.0,19.9,,,,,,,,,,
,692.16,861,1068.0,996.0,19.9,,,,,,,,,,
,692.51,861,1056.0,996.0,19.9,,,,,,,,,,
,692.86,861,1056.0,996.0,19.9,,,,,,,,,,
,693.23,861,1056.0,996.0,19.9,,,,,,,,,,
,693.63,840,1068.0,996.0,19.9,,,,,,,,,,
,693.97,861,1056.0,996.0,19.9,,,,,,,,,,
,694.31,861,1056.0,996.0,19.9,,,,,,,,,,
,694.63,861,1056.0,996.0,19.9,,,,,,,,,,
,695.03,861,1056.0,996.0,19.9,,,,,,,,,,
,695.42,861,1068.0,996.0,19.9,,,,,,,,,,
,695.75,861,1068.0,996.0,19.9,,,,,,,,,,
,696.08,861,1068.0,996.0,19.9,,,,,,,,,,
,696.41,861,1056.0,996.0,19.9,,,,,,,,,,
,696.76,861,1056.0,996.0,19.9,,,,,,,,,,
,697.15,861,1056.0,996.0,19.9,,,,,,,,,,
,697.49,882,1056.0,996.0,19.9,,,,,,,,,,
,697.80,882,1056.0,996.0,19.9,,,,,,,,,,
,698.11,861,1056.0,996.0,19.9,,,,,,,,,,
,698.47,861,1056.0,996.0,19.9,,,,,,,,,,
,698.83,861,1056.0,996.0,19.9,,,,,,,,,,
,699.20,840,1068.0,996.0,19.9,,,,,,,,,,
,699.54,861,1056.0,996.0,19.9,,,,,,,,,,
,699.88,861,1056.0,996.0,19.9,,,,,,,,,,
,700.26,861,1056.0,996.0,19.9,,,,,,,,,,
,720.89,861,1056.0,996.0,19.9,,,,,,,,,,
